Game,Date_x,AwayTeam,Away Team Implied Probability,Away Probability,AwayScore,HomeTeam,Home Team Implied Probability,Home Probability,HomeScore,HomeResult,AwayBet,HomeBet,AwayBetWon,HomeBetWon,total_results,total_bets,total_return
"2023-12-11 - ARI 2, BUF 5",2023-12-11,ARI,0.49,0.460892698709446,2,BUF,0.56,0.5391073012905541,5,Won,0,0,0.0,1.0,0.0,0,0.0
"2023-12-11 - TOR 3, NYI 4",2023-12-11,TOR,0.55,0.4801156229099461,3,NYI,0.5,0.5198843770900539,4,Won,0,1,0.0,1.0,1.0,1,2.0
"2023-12-11 - DET 3, DAL 6",2023-12-11,DET,0.37,0.4426397759384406,3,DAL,0.68,0.5573602240615594,6,Won,1,0,0.0,1.0,0.0,1,0.0
"2023-12-11 - CGY 5, COL 6",2023-12-11,CGY,0.41,0.4922605584662656,5,COL,0.64,0.5077394415337343,6,Won,1,0,0.0,1.0,0.0,1,0.0
"2023-12-12 - TOR 7, NYR 3",2023-12-12,TOR,0.41,0.4543855478551429,7,NYR,0.64,0.5456144521448572,3,Lost,1,0,1.0,0.0,1.0,1,2.4390243902439024
"2023-12-12 - CAR 4, OTT 1",2023-12-12,CAR,0.57,0.4498097650185487,4,OTT,0.48,0.5501902349814515,1,Lost,0,1,1.0,0.0,0.0,1,0.0
"2023-12-12 - ARI 2, PIT 4",2023-12-12,ARI,0.39,0.44295276033482,2,PIT,0.65,0.55704723966518,4,Won,1,0,0.0,1.0,0.0,1,0.0
"2023-12-12 - PHI 2, NSH 3",2023-12-12,PHI,0.48,0.4836823465461988,2,NSH,0.57,0.5163176534538011,3,Won,1,0,0.0,1.0,0.0,1,0.0
"2023-12-12 - DET 6, STL 4",2023-12-12,DET,0.48,0.4376730162958333,6,STL,,0.5623269837041667,4,Lost,0,0,1.0,0.0,0.0,0,
"2023-12-12 - CHI 1, EDM 4",2023-12-12,CHI,0.21,0.4372475882030522,1,EDM,0.83,0.5627524117969479,4,Won,1,0,0.0,1.0,0.0,1,0.0
"2023-12-12 - FLA 0, SEA 4",2023-12-12,FLA,0.62,0.4615669819648509,0,SEA,0.42,0.538433018035149,4,Won,0,1,0.0,1.0,1.0,1,2.380952380952381
"2023-12-12 - TB 1, VAN 4",2023-12-12,TB,0.48,0.4611373056172689,1,VAN,0.56,0.538862694382731,4,Won,0,0,0.0,1.0,0.0,0,0.0
"2023-12-12 - CGY 4, VGK 5",2023-12-12,CGY,0.39,0.4409872964825426,4,VGK,0.65,0.5590127035174574,5,Won,1,0,0.0,1.0,0.0,1,0.0
"2023-12-12 - WPG 1, SJ 2",2023-12-12,WPG,0.69,0.5364057421549885,1,SJ,0.36,0.4635942578450116,2,Won,0,1,0.0,1.0,1.0,1,2.7777777777777777
"2023-12-13 - PIT 4, MTL 3",2023-12-13,PIT,0.6,0.5395358955102838,4,MTL,0.44,0.4604641044897162,3,Lost,0,1,1.0,0.0,0.0,1,0.0
"2023-12-13 - BOS 1, NJ 2",2023-12-13,BOS,0.5,0.4174117711873385,1,NJ,0.55,0.5825882288126615,2,Won,0,1,0.0,1.0,1.0,1,1.8181818181818181
"2023-12-13 - ANA 3, NYI 4",2023-12-13,ANA,0.38,0.5182988714009698,3,NYI,0.67,0.4817011285990303,4,Won,1,0,0.0,1.0,0.0,1,0.0
"2023-12-13 - BUF 1, COL 5",2023-12-13,BUF,0.4,0.4483568902138381,1,COL,0.65,0.5516431097861619,5,Won,1,0,0.0,1.0,0.0,1,0.0
"2023-12-13 - WPG 5, LA 2",2023-12-13,WPG,0.4,0.4505609950385402,5,LA,0.65,0.5494390049614596,2,Lost,1,0,1.0,0.0,1.0,1,2.5
"2023-12-14 - CAR 2, DET 1",2023-12-14,CAR,0.64,0.5,2,DET,0.41,0.5,1,Lost,0,1,1.0,0.0,0.0,1,0.0
"2023-12-14 - CAR 2, DET 1",2023-12-14,CAR,0.64,0.5,2,DET,0.41,0.5,1,Lost,0,1,1.0,0.0,0.0,1,0.0
"2023-12-14 - WSH 3, PHI 4",2023-12-14,WSH,0.48,0.4474378766061307,3,PHI,0.57,0.5525621233938692,4,Won,0,0,0.0,1.0,0.0,0,0.0
"2023-12-14 - CBJ 6, TOR 5",2023-12-14,CBJ,0.33,0.4320312432143494,6,TOR,0.71,0.5679687567856506,5,Lost,1,0,1.0,0.0,1.0,1,3.0303030303030303
"2023-12-14 - CGY 2, MIN 3",2023-12-14,CGY,0.45,0.4778236653414594,2,MIN,0.59,0.5221763346585405,3,Won,1,0,0.0,1.0,0.0,1,0.0
"2023-12-14 - OTT 2, STL 4",2023-12-14,OTT,0.55,0.4572988514294346,2,STL,,0.5427011485705654,4,Won,0,0,0.0,1.0,0.0,0,
"2023-12-14 - OTT 2, STL 4",2023-12-14,OTT,0.37,0.4572988514294346,2,STL,,0.5427011485705654,4,Won,1,0,0.0,1.0,0.0,1,
"2023-12-14 - TB 7, EDM 4",2023-12-14,TB,0.42,0.4332526046221667,7,EDM,0.62,0.5667473953778331,4,Lost,1,0,1.0,0.0,1.0,1,2.380952380952381
"2023-12-14 - CHI 1, SEA 7",2023-12-14,CHI,0.34,0.4563091842856669,1,SEA,0.71,0.5436908157143329,7,Won,1,0,0.0,1.0,0.0,1,0.0
"2023-12-14 - FLA 0, VAN 4",2023-12-14,FLA,0.56,0.5476747058129933,0,VAN,0.49,0.4523252941870068,4,Won,0,0,0.0,1.0,0.0,0,0.0
"2023-12-15 - NSH 6, CAR 5",2023-12-15,NSH,0.43,0.4325908333107476,6,CAR,0.62,0.5674091666892523,5,Lost,1,0,1.0,0.0,1.0,1,2.3255813953488373
"2023-12-15 - NSH 6, CAR 5",2023-12-15,NSH,0.56,0.4325908333107476,6,CAR,0.62,0.5674091666892523,5,Lost,0,0,1.0,0.0,0.0,0,0.0
"2023-12-15 - ANA 1, NYR 5",2023-12-15,ANA,0.27,0.4455634193145337,1,NYR,0.78,0.5544365806854663,5,Won,1,0,0.0,1.0,0.0,1,0.0
"2023-12-15 - ANA 1, NYR 5",2023-12-15,ANA,0.27,0.4455634193145337,1,NYR,0.49,0.5544365806854663,5,Won,1,1,0.0,1.0,1.0,2,2.0408163265306123
"2023-12-15 - BOS 5, NYI 4",2023-12-15,BOS,0.56,0.5,5,NYI,0.49,0.5,4,Lost,0,1,1.0,0.0,0.0,1,0.0
"2023-12-15 - BOS 5, NYI 4",2023-12-15,BOS,0.56,0.5,5,NYI,0.58,0.5,4,Lost,0,0,1.0,0.0,0.0,0,0.0
"2023-12-15 - BOS 5, NYI 4",2023-12-15,BOS,0.56,0.5,5,NYI,0.49,0.5,4,Lost,0,1,1.0,0.0,0.0,1,0.0
"2023-12-15 - BOS 5, NYI 4",2023-12-15,BOS,0.56,0.5,5,NYI,0.58,0.5,4,Lost,0,0,1.0,0.0,0.0,0,0.0
"2023-12-15 - OTT 4, DAL 5",2023-12-15,OTT,0.37,0.4906085970916513,4,DAL,0.68,0.5093914029083486,5,Won,1,0,0.0,1.0,0.0,1,0.0
"2023-12-15 - OTT 4, DAL 5",2023-12-15,OTT,0.37,0.4906085970916513,4,DAL,0.58,0.5093914029083486,5,Won,1,0,0.0,1.0,0.0,1,0.0
"2023-12-15 - SJ 0, ARI 1",2023-12-15,SJ,0.38,0.4399421534218057,0,ARI,0.67,0.5600578465781941,1,Won,1,0,0.0,1.0,0.0,1,0.0
"2023-12-15 - SJ 0, ARI 1",2023-12-15,SJ,0.38,0.4399421534218057,0,ARI,0.56,0.5600578465781941,1,Won,1,1,0.0,1.0,1.0,2,1.7857142857142856
"2023-12-15 - BUF 5, VGK 2",2023-12-15,BUF,0.37,0.4177436576221097,5,VGK,0.68,0.5822563423778904,2,Lost,1,0,1.0,0.0,1.0,1,2.7027027027027026
"2023-12-15 - BUF 5, VGK 2",2023-12-15,BUF,0.49,0.4177436576221097,5,VGK,0.68,0.5822563423778904,2,Lost,0,0,1.0,0.0,0.0,0,0.0
"2023-12-18 - ANA 4, DET 3",2023-12-18,ANA,0.33,0.5298439080360168,4,DET,0.71,0.4701560919639832,3,Lost,1,0,1.0,0.0,1.0,1,3.0303030303030303
"2023-12-18 - MIN 3, PIT 4",2023-12-18,MIN,0.51,0.4883343224711872,3,PIT,0.53,0.5116656775288129,4,Won,0,0,0.0,1.0,0.0,0,0.0
"2023-12-18 - MIN 3, PIT 4",2023-12-18,MIN,0.39,0.4883343224711872,3,PIT,0.53,0.5116656775288129,4,Won,1,0,0.0,1.0,0.0,1,0.0
"2023-12-18 - MTL 3, WPG 2",2023-12-18,MTL,0.33,0.4623425895394137,3,WPG,0.71,0.5376574104605863,2,Lost,1,0,1.0,0.0,1.0,1,3.0303030303030303
"2023-12-18 - SEA 3, DAL 4",2023-12-18,SEA,0.39,0.5333803762525978,3,DAL,0.65,0.4666196237474018,4,Won,1,0,0.0,1.0,0.0,1,0.0
"2023-12-18 - FLA 1, CGY 3",2023-12-18,FLA,0.56,0.4829068061118459,1,CGY,0.49,0.5170931938881541,3,Won,0,1,0.0,1.0,1.0,1,2.0408163265306123
"2023-12-19 - MIN 4, BOS 3",2023-12-19,MIN,0.37,0.4781356780463655,4,BOS,0.68,0.5218643219536345,3,Lost,1,0,1.0,0.0,1.0,1,2.7027027027027026
"2023-12-19 - CBJ 9, BUF 4",2023-12-19,CBJ,0.39,0.4027880600844634,9,BUF,0.65,0.5972119399155366,4,Lost,1,0,1.0,0.0,1.0,1,2.564102564102564
"2023-12-19 - VGK 3, CAR 6",2023-12-19,VGK,0.48,0.4441076867086926,3,CAR,0.57,0.5558923132913075,6,Won,0,0,0.0,1.0,0.0,0,0.0
"2023-12-19 - PHI 3, NJ 2",2023-12-19,PHI,0.42,0.4664764038478506,3,NJ,0.62,0.5335235961521493,2,Lost,1,0,1.0,0.0,1.0,1,2.380952380952381
"2023-12-19 - STL 1, TB 6",2023-12-19,STL,,0.4486061243380075,1,TB,0.64,0.5513938756619925,6,Won,0,0,0.0,1.0,0.0,0,
"2023-12-19 - NYR 5, TOR 2",2023-12-19,NYR,0.53,0.4690099482534431,5,TOR,0.51,0.5309900517465569,2,Lost,0,1,1.0,0.0,0.0,1,0.0
"2023-12-19 - EDM 1, NYI 3",2023-12-19,EDM,0.6,0.4894407726985008,1,NYI,0.44,0.5105592273014992,3,Won,0,1,0.0,1.0,1.0,1,2.272727272727273
"2023-12-19 - VAN 5, NSH 2",2023-12-19,VAN,0.49,0.4549232967104327,5,NSH,0.56,0.5450767032895671,2,Lost,0,0,1.0,0.0,0.0,0,0.0
"2023-12-19 - COL 2, CHI 3",2023-12-19,COL,0.69,0.5141810244548424,2,CHI,0.35,0.4858189755451575,3,Won,0,1,0.0,1.0,1.0,1,2.857142857142857
"2023-12-19 - OTT 3, ARI 4",2023-12-19,OTT,0.56,0.4889858594780162,3,ARI,0.49,0.5110141405219837,4,Won,0,1,0.0,1.0,1.0,1,2.0408163265306123
"2023-12-19 - LA 4, SJ 1",2023-12-19,LA,0.71,0.5158567853315439,4,SJ,0.33,0.4841432146684561,1,Lost,0,1,1.0,0.0,0.0,1,0.0
"2023-12-20 - DET 2, WPG 5",2023-12-20,DET,0.44,0.4229180281292717,2,WPG,0.61,0.5770819718707284,5,Won,0,0,0.0,1.0,0.0,0,0.0
"2023-12-20 - NYI 2, WSH 3",2023-12-20,NYI,0.49,0.42595025126581,2,WSH,0.56,0.57404974873419,3,Won,0,1,0.0,1.0,1.0,1,1.7857142857142856
"2023-12-20 - SEA 2, LA 1",2023-12-20,SEA,0.42,0.4718290387928753,2,LA,0.62,0.5281709612071247,1,Lost,1,0,1.0,0.0,1.0,1,2.380952380952381
"2023-12-21 - TOR 3, BUF 9",2023-12-21,TOR,0.59,0.466010036921036,3,BUF,0.45,0.533989963078964,9,Won,0,1,0.0,1.0,1.0,1,2.2222222222222223
"2023-12-21 - WSH 3, CBJ 2",2023-12-21,WSH,0.53,0.5462683853280944,3,CBJ,0.51,0.4537316146719055,2,Lost,1,0,1.0,0.0,1.0,1,1.8867924528301885
"2023-12-21 - STL 4, FLA 1",2023-12-21,STL,,0.423717440883559,4,FLA,0.68,0.576282559116441,1,Lost,0,0,1.0,0.0,0.0,0,
"2023-12-21 - EDM 6, NJ 3",2023-12-21,EDM,0.52,0.4675951610306291,6,NJ,0.52,0.532404838969371,3,Lost,0,1,1.0,0.0,0.0,1,0.0
"2023-12-21 - NSH 4, PHI 2",2023-12-21,NSH,0.51,0.4883928125769953,4,PHI,0.53,0.5116071874230046,2,Lost,0,0,1.0,0.0,0.0,0,0.0
"2023-12-21 - CAR 1, PIT 2",2023-12-21,CAR,0.57,0.4882498728187885,1,PIT,0.48,0.5117501271812115,2,Won,0,1,0.0,1.0,1.0,1,2.0833333333333335
"2023-12-21 - VGK 4, TB 5",2023-12-21,VGK,0.51,0.4538370005410032,4,TB,0.53,0.5461629994589969,5,Won,0,1,0.0,1.0,1.0,1,1.8867924528301885
"2023-12-21 - VAN 3, DAL 4",2023-12-21,VAN,0.44,0.4855550207691096,3,DAL,0.61,0.5144449792308903,4,Won,1,0,0.0,1.0,0.0,1,0.0
"2023-12-21 - MTL 3, MIN 4",2023-12-21,MTL,0.4,0.4426695303706268,3,MIN,0.65,0.5573304696293732,4,Won,1,0,0.0,1.0,0.0,1,0.0
"2023-12-21 - OTT 4, COL 6",2023-12-21,OTT,0.41,0.4242552220119744,4,COL,0.64,0.5757447779880255,6,Won,1,0,0.0,1.0,0.0,1,0.0
"2023-12-21 - CGY 3, ANA 0",2023-12-21,CGY,0.64,0.5,3,ANA,0.41,0.5,0,Lost,0,1,1.0,0.0,0.0,1,0.0
"2023-12-21 - ARI 5, SJ 2",2023-12-21,ARI,0.61,0.547113777172513,5,SJ,0.44,0.4528862228274869,2,Lost,0,1,1.0,0.0,0.0,1,0.0
"2023-12-22 - PHI 6, DET 7",2023-12-22,PHI,0.47,0.492489502249378,6,DET,0.57,0.507510497750622,7,Won,1,0,0.0,1.0,0.0,1,0.0
"2023-12-22 - EDM 4, NYR 3",2023-12-22,EDM,0.47,0.455887044470344,4,NYR,0.58,0.544112955529656,3,Lost,0,0,1.0,0.0,0.0,0,0.0
"2023-12-22 - BOS 1, WPG 5",2023-12-22,BOS,0.56,0.4571909072587764,1,WPG,0.49,0.5428090927412235,5,Won,0,1,0.0,1.0,1.0,1,2.0408163265306123
"2023-12-22 - MTL 5, CHI 2",2023-12-22,MTL,0.51,0.5138073165025431,5,CHI,0.53,0.4861926834974568,2,Lost,1,0,1.0,0.0,1.0,1,1.9607843137254901
"2023-12-23 - VGK 2, FLA 4",2023-12-23,VGK,0.47,0.4288468068631209,2,FLA,0.57,0.5711531931368791,4,Won,0,1,0.0,1.0,1.0,1,1.7543859649122808
"2023-12-23 - DAL 3, NSH 2",2023-12-23,DAL,0.56,0.4673323828420328,3,NSH,0.48,0.5326676171579671,2,Lost,0,1,1.0,0.0,0.0,1,0.0
"2023-12-23 - NYI 5, CAR 4",2023-12-23,NYI,0.41,0.426564696651303,5,CAR,0.64,0.5734353033486971,4,Lost,1,0,1.0,0.0,1.0,1,2.4390243902439024
"2023-12-23 - TOR 4, CBJ 1",2023-12-23,TOR,0.69,0.4921306259531357,4,CBJ,0.36,0.5078693740468642,1,Lost,0,1,1.0,0.0,0.0,1,0.0
"2023-12-23 - BOS 2, MIN 3",2023-12-23,BOS,0.56,0.4493818457389628,2,MIN,0.48,0.5506181542610371,3,Won,0,1,0.0,1.0,1.0,1,2.0833333333333335
"2023-12-23 - DET 2, NJ 3",2023-12-23,DET,0.39,0.4008923777692055,2,NJ,0.65,0.5991076222307944,3,Won,1,0,0.0,1.0,0.0,1,0.0
"2023-12-23 - PIT 4, OTT 5",2023-12-23,PIT,0.51,0.4592421013514282,4,OTT,0.53,0.5407578986485718,5,Won,0,1,0.0,1.0,1.0,1,1.8867924528301885
"2023-12-23 - TB 2, WSH 1",2023-12-23,TB,0.59,0.4724914873793099,2,WSH,0.45,0.52750851262069,1,Lost,0,1,1.0,0.0,0.0,1,0.0
"2023-12-23 - BUF 3, NYR 4",2023-12-23,BUF,0.41,0.4347985308807521,3,NYR,0.64,0.5652014691192481,4,Won,1,0,0.0,1.0,0.0,1,0.0
"2023-12-23 - SEA 3, ANA 2",2023-12-23,SEA,0.58,0.5250468771568104,3,ANA,0.45,0.4749531228431896,2,Lost,0,1,1.0,0.0,0.0,1,0.0
"2023-12-23 - CHI 5, STL 7",2023-12-23,CHI,0.31,0.4308979817725822,5,STL,,0.5691020182274179,7,Won,1,0,0.0,1.0,0.0,1,
"2023-12-23 - ARI 1, COL 4",2023-12-23,ARI,0.36,0.436357142154115,1,COL,0.69,0.5636428578458847,4,Won,1,0,0.0,1.0,0.0,1,0.0
"2023-12-23 - CGY 3, LA 5",2023-12-23,CGY,0.43,0.442473418380841,3,LA,0.61,0.5575265816191589,5,Won,1,0,0.0,1.0,0.0,1,0.0
"2023-12-23 - SJ 4, VAN 7",2023-12-23,SJ,0.29,0.4056870324730091,4,VAN,0.75,0.5943129675269909,7,Won,1,0,0.0,1.0,0.0,1,0.0
"2023-12-27 - CBJ 3, NJ 4",2023-12-27,CBJ,0.33,0.3728144661093753,3,NJ,0.71,0.6271855338906246,4,Won,1,0,0.0,1.0,0.0,1,0.0
"2023-12-27 - WSH 1, NYR 5",2023-12-27,WSH,0.36,0.4586224351524176,1,NYR,0.69,0.5413775648475825,5,Won,1,0,0.0,1.0,0.0,1,0.0
"2023-12-27 - FLA 3, TB 2",2023-12-27,FLA,0.52,0.5126523002431295,3,TB,0.52,0.4873476997568706,2,Lost,0,0,1.0,0.0,0.0,0,0.0
"2023-12-27 - OTT 4, TOR 2",2023-12-27,OTT,0.42,0.4247536224964812,4,TOR,0.62,0.5752463775035186,2,Lost,1,0,1.0,0.0,1.0,1,2.380952380952381
"2023-12-27 - BOS 4, BUF 1",2023-12-27,BOS,0.61,0.470572987952382,4,BUF,0.43,0.529427012047618,1,Lost,0,1,1.0,0.0,0.0,1,0.0
"2023-12-27 - PIT 7, NYI 0",2023-12-27,PIT,0.5,0.5287623657531184,7,NYI,0.55,0.4712376342468815,0,Lost,1,0,1.0,0.0,1.0,1,2.0
"2023-12-27 - DET 3, MIN 6",2023-12-27,DET,0.47,0.4367532431442467,3,MIN,0.57,0.5632467568557534,6,Won,0,0,0.0,1.0,0.0,0,0.0
"2023-12-27 - CAR 5, NSH 2",2023-12-27,CAR,0.58,0.5486492951542753,5,NSH,0.47,0.4513507048457247,2,Lost,0,0,1.0,0.0,0.0,0,0.0
"2023-12-27 - DAL 1, STL 2",2023-12-27,DAL,0.62,0.4839516030283882,1,STL,,0.5160483969716118,2,Won,0,0,0.0,1.0,0.0,0,
"2023-12-27 - COL 4, ARI 5",2023-12-27,COL,0.62,0.4798772547788047,4,ARI,0.43,0.5201227452211952,5,Won,0,1,0.0,1.0,1.0,1,2.3255813953488373
"2023-12-27 - WPG 1, CHI 2",2023-12-27,WPG,0.69,0.5086023801370345,1,CHI,0.36,0.4913976198629654,2,Won,0,1,0.0,1.0,1.0,1,2.7777777777777777
"2023-12-27 - SEA 2, CGY 1",2023-12-27,SEA,0.44,0.5,2,CGY,0.6,0.5,1,Lost,1,0,1.0,0.0,1.0,1,2.272727272727273
"2023-12-27 - VGK 2, ANA 5",2023-12-27,VGK,0.69,0.4734040236922208,2,ANA,0.36,0.5265959763077791,5,Won,0,1,0.0,1.0,1.0,1,2.7777777777777777
"2023-12-27 - SJ 1, LA 5",2023-12-27,SJ,0.27,0.4323282168290026,1,LA,0.78,0.5676717831709975,5,Won,1,0,0.0,1.0,0.0,1,0.0
"2023-12-28 - MTL 3, CAR 5",2023-12-28,MTL,0.31,0.4408113959431562,3,CAR,0.74,0.5591886040568437,5,Won,1,0,0.0,1.0,0.0,1,0.0
"2023-12-28 - PHI 4, VAN 1",2023-12-28,PHI,0.43,0.4512748031803837,4,VAN,0.62,0.5487251968196163,1,Lost,1,0,1.0,0.0,1.0,1,2.3255813953488373
"2023-12-28 - LA 2, VGK 3",2023-12-28,LA,0.52,0.438759759360959,2,VGK,0.52,0.561240240639041,3,Won,0,1,0.0,1.0,1.0,1,1.923076923076923
"2023-12-28 - EDM 5, SJ 0",2023-12-28,EDM,0.8,0.5136041617292254,5,SJ,0.24,0.4863958382707745,0,Lost,0,1,1.0,0.0,0.0,1,0.0
"2023-12-29 - TOR 5, CBJ 6",2023-12-29,TOR,0.68,0.492205538058964,5,CBJ,0.37,0.5077944619410361,6,Won,0,1,0.0,1.0,1.0,1,2.7027027027027026
"2023-12-29 - TOR 5, CBJ 6",2023-12-29,TOR,0.68,0.492205538058964,5,CBJ,0.38,0.5077944619410361,6,Won,0,1,0.0,1.0,1.0,1,2.6315789473684212
"2023-12-29 - TOR 5, CBJ 6",2023-12-29,TOR,0.53,0.492205538058964,5,CBJ,0.37,0.5077944619410361,6,Won,0,1,0.0,1.0,1.0,1,2.7027027027027026
"2023-12-29 - TOR 5, CBJ 6",2023-12-29,TOR,0.53,0.492205538058964,5,CBJ,0.38,0.5077944619410361,6,Won,0,1,0.0,1.0,1.0,1,2.6315789473684212
"2023-12-29 - NSH 4, DET 5",2023-12-29,NSH,0.51,0.5233246202376759,4,DET,0.53,0.4766753797623242,5,Won,1,0,0.0,1.0,0.0,1,0.0
"2023-12-29 - NSH 4, DET 5",2023-12-29,NSH,0.51,0.5233246202376759,4,DET,0.53,0.4766753797623242,5,Won,1,0,0.0,1.0,0.0,1,0.0
"2023-12-29 - NYR 3, FLA 4",2023-12-29,NYR,0.45,0.4432670223885603,3,FLA,0.59,0.5567329776114395,4,Won,0,0,0.0,1.0,0.0,0,0.0
"2023-12-29 - NYR 3, FLA 4",2023-12-29,NYR,0.45,0.4432670223885603,3,FLA,0.71,0.5567329776114395,4,Won,0,0,0.0,1.0,0.0,0,0.0
"2023-12-29 - NYR 3, FLA 4",2023-12-29,NYR,0.51,0.4432670223885603,3,FLA,0.59,0.5567329776114395,4,Won,0,0,0.0,1.0,0.0,0,0.0
"2023-12-29 - NYR 3, FLA 4",2023-12-29,NYR,0.51,0.4432670223885603,3,FLA,0.71,0.5567329776114395,4,Won,0,0,0.0,1.0,0.0,0,0.0
"2023-12-29 - NJ 6, OTT 2",2023-12-29,NJ,0.53,0.4768800982086595,6,OTT,0.51,0.5231199017913404,2,Lost,0,1,1.0,0.0,0.0,1,0.0
"2023-12-29 - NJ 6, OTT 2",2023-12-29,NJ,0.43,0.4768800982086595,6,OTT,0.51,0.5231199017913404,2,Lost,1,1,1.0,0.0,1.0,2,2.3255813953488373
"2023-12-29 - WSH 1, NYI 5",2023-12-29,WSH,0.43,0.5324711269878849,1,NYI,0.61,0.4675288730121149,5,Won,1,0,0.0,1.0,0.0,1,0.0
"2023-12-29 - WSH 1, NYI 5",2023-12-29,WSH,0.53,0.5324711269878849,1,NYI,0.61,0.4675288730121149,5,Won,1,0,0.0,1.0,0.0,1,0.0
"2023-12-29 - CHI 4, DAL 5",2023-12-29,CHI,0.24,0.4184555645312424,4,DAL,0.8,0.5815444354687576,5,Won,1,0,0.0,1.0,0.0,1,0.0
"2023-12-29 - COL 2, STL 1",2023-12-29,COL,0.62,0.4887707268124769,2,STL,,0.5112292731875231,1,Lost,0,0,1.0,0.0,0.0,0,
"2023-12-29 - ARI 2, ANA 0",2023-12-29,ARI,0.56,0.525913234775164,2,ANA,0.48,0.4740867652248359,0,Lost,0,0,1.0,0.0,0.0,0,0.0
"2023-12-29 - PHI 1, SEA 2",2023-12-29,PHI,0.47,0.4723140415795014,1,SEA,0.57,0.5276859584204986,2,Won,1,0,0.0,1.0,0.0,1,0.0
"2023-12-30 - MIN 2, WPG 4",2023-12-30,MIN,0.45,0.4414900089066569,2,WPG,0.59,0.558509991093343,4,Won,0,0,0.0,1.0,0.0,0,0.0
"2023-12-30 - CBJ 2, BUF 3",2023-12-30,CBJ,0.38,0.4155792439935645,2,BUF,0.67,0.5844207560064355,3,Won,1,0,0.0,1.0,0.0,1,0.0
"2023-12-30 - NJ 2, BOS 5",2023-12-30,NJ,0.43,0.5557194821066259,2,BOS,0.61,0.4442805178933739,5,Won,1,0,0.0,1.0,0.0,1,0.0
"2023-12-30 - MTL 1, FLA 4",2023-12-30,MTL,0.33,0.4225365861339946,1,FLA,0.71,0.5774634138660055,4,Won,1,0,0.0,1.0,0.0,1,0.0
"2023-12-30 - STL 2, PIT 4",2023-12-30,STL,,0.4794240656042153,2,PIT,0.67,0.5205759343957848,4,Won,0,0,0.0,1.0,0.0,0,
"2023-12-30 - NYR 5, TB 1",2023-12-30,NYR,0.51,0.477465671021602,5,TB,0.53,0.522534328978398,1,Lost,0,0,1.0,0.0,0.0,0,0.0
"2023-12-30 - CAR 3, TOR 2",2023-12-30,CAR,0.56,0.4202110733905166,3,TOR,0.49,0.5797889266094832,2,Lost,0,1,1.0,0.0,0.0,1,0.0
"2023-12-30 - NSH 3, WSH 2",2023-12-30,NSH,0.52,0.4830474095295153,3,WSH,0.52,0.5169525904704848,2,Lost,0,0,1.0,0.0,0.0,0,0.0
"2023-12-30 - EDM 3, LA 2",2023-12-30,EDM,0.5,0.4297039787504536,3,LA,0.55,0.5702960212495465,2,Lost,0,1,1.0,0.0,0.0,1,0.0
"2024-01-02 - BOS 4, CBJ 1",2024-01-02,BOS,0.69,0.5284844198641624,4,CBJ,0.35,0.4715155801358376,1,Lost,0,1,1.0,0.0,0.0,1,0.0
"2024-01-02 - CAR 6, NYR 1",2024-01-02,CAR,0.48,0.4644981361246028,6,NYR,0.56,0.5355018638753972,1,Lost,0,0,1.0,0.0,0.0,0,0.0
"2024-01-02 - WSH 4, PIT 3",2024-01-02,WSH,0.4,0.4499708170524283,4,PIT,0.65,0.5500291829475717,3,Lost,1,0,1.0,0.0,1.0,1,2.5
"2024-01-02 - WSH 4, PIT 3",2024-01-02,WSH,0.43,0.4499708170524283,4,PIT,0.65,0.5500291829475717,3,Lost,1,0,1.0,0.0,1.0,1,2.3255813953488373
"2024-01-02 - MTL 4, DAL 3",2024-01-02,MTL,0.29,0.4355458522804698,4,DAL,0.75,0.5644541477195301,3,Lost,1,0,1.0,0.0,1.0,1,3.4482758620689657
"2024-01-02 - CGY 3, MIN 1",2024-01-02,CGY,0.53,0.4478968950141439,3,MIN,0.51,0.552103104985856,1,Lost,0,1,1.0,0.0,0.0,1,0.0
"2024-01-02 - CHI 0, NSH 3",2024-01-02,CHI,0.29,0.4251626951439262,0,NSH,0.75,0.5748373048560739,3,Won,1,0,0.0,1.0,0.0,1,0.0
"2024-01-02 - TB 2, WPG 4",2024-01-02,TB,0.47,0.4038476940572345,2,WPG,0.57,0.5961523059427656,4,Won,0,1,0.0,1.0,1.0,1,1.7543859649122808
"2024-01-02 - FLA 4, ARI 1",2024-01-02,FLA,0.64,0.5409259139590288,4,ARI,0.41,0.4590740860409713,1,Lost,0,1,1.0,0.0,0.0,1,0.0
"2024-01-02 - NYI 4, COL 5",2024-01-02,NYI,0.4,0.3970341187628129,4,COL,0.65,0.6029658812371871,5,Won,0,0,0.0,1.0,0.0,0,0.0
"2024-01-02 - PHI 2, EDM 5",2024-01-02,PHI,0.4,0.4136515659038671,2,EDM,0.65,0.5863484340961329,5,Won,1,0,0.0,1.0,0.0,1,0.0
"2024-01-02 - OTT 3, VAN 6",2024-01-02,OTT,0.45,0.4093913702041089,3,VAN,0.59,0.5906086297958911,6,Won,0,1,0.0,1.0,1.0,1,1.6949152542372883
"2024-01-02 - TOR 3, LA 0",2024-01-02,TOR,0.48,0.4347632387467048,3,LA,0.56,0.5652367612532953,0,Lost,0,1,1.0,0.0,0.0,1,0.0
"2024-01-02 - TOR 3, LA 0",2024-01-02,TOR,0.65,0.4347632387467048,3,LA,0.56,0.5652367612532953,0,Lost,0,1,1.0,0.0,0.0,1,0.0
"2024-01-02 - DET 5, SJ 3",2024-01-02,DET,0.65,0.5070831318242636,5,SJ,0.4,0.4929168681757364,3,Lost,0,1,1.0,0.0,0.0,1,0.0
"2024-01-03 - NJ 6, WSH 3",2024-01-03,NJ,0.64,0.5682837974007164,6,WSH,0.41,0.4317162025992835,3,Lost,0,1,1.0,0.0,0.0,1,0.0
"2024-01-03 - TOR 2, ANA 1",2024-01-03,TOR,0.67,0.4791693536982281,2,ANA,0.38,0.520830646301772,1,Lost,0,1,1.0,0.0,0.0,1,0.0
"2024-01-04 - PIT 6, BOS 5",2024-01-04,PIT,0.45,0.5118391895536231,6,BOS,0.59,0.4881608104463769,5,Lost,1,0,1.0,0.0,1.0,1,2.2222222222222223
"2024-01-04 - BUF 6, MTL 1",2024-01-04,BUF,0.6,0.4794667283911031,6,MTL,0.44,0.5205332716088968,1,Lost,0,1,1.0,0.0,0.0,1,0.0
"2024-01-04 - CHI 1, NYR 4",2024-01-04,CHI,0.22,0.4194809964966364,1,NYR,0.82,0.5805190035033637,4,Won,1,0,0.0,1.0,0.0,1,0.0
"2024-01-04 - CHI 1, NYR 4",2024-01-04,CHI,0.24,0.4194809964966364,1,NYR,0.82,0.5805190035033637,4,Won,1,0,0.0,1.0,0.0,1,0.0
"2024-01-04 - CBJ 3, PHI 2",2024-01-04,CBJ,0.39,0.4105075906843634,3,PHI,0.65,0.5894924093156365,2,Lost,1,0,1.0,0.0,1.0,1,2.564102564102564
"2024-01-04 - COL 5, DAL 4",2024-01-04,COL,0.49,0.4311679127603582,5,DAL,0.56,0.5688320872396415,4,Lost,0,1,1.0,0.0,0.0,1,0.0
"2024-01-04 - TB 4, MIN 1",2024-01-04,TB,0.56,0.4383924735448314,4,MIN,0.48,0.5616075264551685,1,Lost,0,1,1.0,0.0,0.0,1,0.0
"2024-01-04 - CGY 6, NSH 3",2024-01-04,CGY,0.5,0.4442113437901088,6,NSH,0.55,0.5557886562098912,3,Lost,0,1,1.0,0.0,0.0,1,0.0
"2024-01-04 - VAN 1, STL 2",2024-01-04,VAN,0.6,0.4633899365712126,1,STL,,0.5366100634287875,2,Won,0,0,0.0,1.0,0.0,0,
"2024-01-04 - NYI 5, ARI 1",2024-01-04,NYI,0.53,0.3851836412701117,5,ARI,0.51,0.6148163587298884,1,Lost,0,1,1.0,0.0,0.0,1,0.0
"2024-01-04 - OTT 1, SEA 4",2024-01-04,OTT,0.5,0.4389273328818324,1,SEA,0.55,0.5610726671181674,4,Won,0,1,0.0,1.0,1.0,1,1.8181818181818181
"2024-01-04 - FLA 4, VGK 1",2024-01-04,FLA,0.55,0.4790675897848283,4,VGK,0.5,0.5209324102151718,1,Lost,0,1,1.0,0.0,0.0,1,0.0
"2024-01-04 - DET 4, LA 3",2024-01-04,DET,0.4,0.4274033852580478,4,LA,0.65,0.5725966147419522,3,Lost,1,0,1.0,0.0,1.0,1,2.5
"2024-01-04 - WPG 2, SJ 1",2024-01-04,WPG,0.74,0.4938460305572358,2,SJ,0.31,0.506153969442764,1,Lost,0,1,1.0,0.0,0.0,1,0.0
"2024-01-04 - WPG 2, SJ 1",2024-01-04,WPG,0.67,0.4938460305572358,2,SJ,0.31,0.506153969442764,1,Lost,0,1,1.0,0.0,0.0,1,0.0
"2024-01-05 - CHI 2, NJ 4",2024-01-05,CHI,0.23,0.4030250897452339,2,NJ,0.82,0.596974910254766,4,Won,1,0,0.0,1.0,0.0,1,0.0
"2024-01-05 - CAR 6, WSH 2",2024-01-05,CAR,0.64,0.530710355120053,6,WSH,0.41,0.4692896448799469,2,Lost,0,1,1.0,0.0,0.0,1,0.0
"2024-01-05 - WPG 3, ANA 1",2024-01-05,WPG,0.65,0.4899439708287662,3,ANA,0.4,0.5100560291712337,1,Lost,0,1,1.0,0.0,0.0,1,0.0
"2024-01-06 - CGY 2, PHI 3",2024-01-06,CGY,0.69,0.4479181733321349,2,PHI,,0.5520818266678652,3,Won,0,0,0.0,1.0,0.0,0,
"2024-01-06 - FLA 8, COL 4",2024-01-06,FLA,0.52,0.5106609208471744,8,COL,0.52,0.4893390791528256,4,Lost,0,0,1.0,0.0,0.0,0,0.0
"2024-01-06 - TB 3, BOS 7",2024-01-06,TB,0.43,0.5057110092513091,3,BOS,0.62,0.4942889907486909,7,Won,1,0,0.0,1.0,0.0,1,0.0
"2024-01-06 - STL 2, CAR 1",2024-01-06,STL,,0.4369826506583974,2,CAR,0.65,0.5630173493416024,1,Lost,0,0,1.0,0.0,0.0,0,
"2024-01-06 - MIN 4, CBJ 3",2024-01-06,MIN,0.56,0.559275661422955,4,CBJ,0.49,0.440724338577045,3,Lost,0,0,1.0,0.0,0.0,0,0.0
"2024-01-06 - NYR 3, MTL 4",2024-01-06,NYR,0.65,0.4789933035415718,3,MTL,0.39,0.5210066964584283,4,Won,0,1,0.0,1.0,1.0,1,2.564102564102564
"2024-01-06 - VAN 6, NJ 4",2024-01-06,VAN,0.51,0.4051124442616618,6,NJ,0.53,0.5948875557383383,4,Lost,0,1,1.0,0.0,0.0,1,0.0
"2024-01-06 - BUF 3, PIT 1",2024-01-06,BUF,0.42,0.4228781633955814,3,PIT,0.62,0.5771218366044185,1,Lost,1,0,1.0,0.0,1.0,1,2.380952380952381
"2024-01-06 - TOR 4, SJ 1",2024-01-06,TOR,0.75,0.4908296071788702,4,SJ,0.29,0.5091703928211299,1,Lost,0,1,1.0,0.0,0.0,1,0.0
"2024-01-06 - NSH 4, DAL 3",2024-01-06,NSH,0.41,0.4172130014479522,4,DAL,0.64,0.582786998552048,3,Lost,1,0,1.0,0.0,1.0,1,2.4390243902439024
"2024-01-06 - OTT 1, EDM 3",2024-01-06,OTT,0.38,0.3939154936367398,1,EDM,0.67,0.6060845063632602,3,Won,1,0,0.0,1.0,0.0,1,0.0
"2024-01-06 - NYI 2, VGK 5",2024-01-06,NYI,0.45,0.4413305582432808,2,VGK,0.59,0.5586694417567194,5,Won,0,0,0.0,1.0,0.0,0,0.0
"2024-01-08 - VAN 6, NYR 3",2024-01-08,VAN,0.45,0.4265356550993003,6,NYR,0.59,0.5734643449006996,3,Lost,0,0,1.0,0.0,0.0,0,0.0
"2024-01-08 - PIT 4, PHI 1",2024-01-08,PIT,0.56,0.4686472887140638,4,PHI,0.49,0.5313527112859361,1,Lost,0,1,1.0,0.0,0.0,1,0.0
"2024-01-08 - DAL 4, MIN 0",2024-01-08,DAL,0.59,0.4828675754518161,4,MIN,0.45,0.517132424548184,0,Lost,0,1,1.0,0.0,0.0,1,0.0
"2024-01-08 - BOS 3, COL 4",2024-01-08,BOS,0.48,0.3745222576266314,3,COL,0.56,0.6254777423733685,4,Won,0,1,0.0,1.0,1.0,1,1.7857142857142856
"2024-01-09 - SEA 5, BUF 2",2024-01-09,SEA,0.52,0.4501275475305965,5,BUF,0.52,0.5498724524694035,2,Lost,0,1,1.0,0.0,0.0,1,0.0
"2024-01-09 - LA 2, TB 3",2024-01-09,LA,0.56,0.462812335017477,2,TB,0.48,0.537187664982523,3,Won,0,1,0.0,1.0,1.0,1,2.0833333333333335
"2024-01-09 - SJ 1, TOR 7",2024-01-09,SJ,0.22,0.431318644042893,1,TOR,0.82,0.5686813559571069,7,Won,1,0,0.0,1.0,0.0,1,0.0
"2024-01-09 - VAN 5, NYI 2",2024-01-09,VAN,0.5,0.5397017154014877,5,NYI,0.55,0.4602982845985124,2,Lost,1,0,1.0,0.0,1.0,1,2.0
"2024-01-09 - ANA 5, NSH 3",2024-01-09,ANA,0.36,0.4024383769350305,5,NSH,0.69,0.5975616230649695,3,Lost,1,0,1.0,0.0,1.0,1,2.7777777777777777
"2024-01-09 - FLA 5, STL 1",2024-01-09,FLA,0.65,0.5197645734366177,5,STL,,0.4802354265633823,1,Lost,0,0,1.0,0.0,0.0,0,
"2024-01-09 - CBJ 0, WPG 5",2024-01-09,CBJ,0.33,0.4026392934871434,0,WPG,0.71,0.5973607065128564,5,Won,1,0,0.0,1.0,0.0,1,0.0
"2024-01-09 - EDM 2, CHI 1",2024-01-09,EDM,0.82,0.5088286532866613,2,CHI,0.23,0.4911713467133387,1,Lost,0,1,1.0,0.0,0.0,1,0.0
"2024-01-09 - BOS 3, ARI 4",2024-01-09,BOS,0.6,0.3922611386291481,3,ARI,0.44,0.6077388613708518,4,Won,0,1,0.0,1.0,1.0,1,2.272727272727273
"2024-01-09 - OTT 3, CGY 6",2024-01-09,OTT,0.48,0.4304823461441926,3,CGY,0.56,0.5695176538558073,6,Won,0,1,0.0,1.0,1.0,1,1.7857142857142856
"2024-01-10 - MTL 2, PHI 3",2024-01-10,MTL,0.41,0.468707341791743,2,PHI,0.64,0.531292658208257,3,Won,1,0,0.0,1.0,0.0,1,0.0
"2024-01-10 - MTL 2, PHI 3",2024-01-10,MTL,0.62,0.468707341791743,2,PHI,0.64,0.531292658208257,3,Won,0,0,0.0,1.0,0.0,0,0.0
"2024-01-10 - MIN 2, DAL 7",2024-01-10,MIN,0.38,0.4135883188872198,2,DAL,0.67,0.5864116811127801,7,Won,1,0,0.0,1.0,0.0,1,0.0
"2024-01-10 - VGK 0, COL 3",2024-01-10,VGK,0.47,0.4218534964304753,0,COL,0.58,0.5781465035695248,3,Won,0,0,0.0,1.0,0.0,0,0.0
"2024-01-10 - VGK 0, COL 3",2024-01-10,VGK,0.48,0.4218534964304753,0,COL,0.58,0.5781465035695248,3,Won,0,0,0.0,1.0,0.0,0,0.0
"2024-01-11 - OTT 3, BUF 5",2024-01-11,OTT,0.48,0.4393373420440206,3,BUF,0.56,0.5606626579559794,5,Won,0,1,0.0,1.0,1.0,1,1.7857142857142856
"2024-01-11 - ANA 3, CAR 6",2024-01-11,ANA,0.25,0.429069663423576,3,CAR,0.79,0.570930336576424,6,Won,1,0,0.0,1.0,0.0,1,0.0
"2024-01-11 - EDM 3, DET 2",2024-01-11,EDM,0.62,0.4817622030669823,3,DET,0.42,0.5182377969330179,2,Lost,0,1,1.0,0.0,0.0,1,0.0
"2024-01-11 - LA 2, FLA 3",2024-01-11,LA,0.45,0.4542484448777311,2,FLA,0.59,0.5457515551222688,3,Won,1,0,0.0,1.0,0.0,1,0.0
"2024-01-11 - SJ 3, MTL 2",2024-01-11,SJ,0.42,0.4514711666431951,3,MTL,0.62,0.548528833356805,2,Lost,1,0,1.0,0.0,1.0,1,2.380952380952381
"2024-01-11 - VAN 4, PIT 3",2024-01-11,VAN,0.49,0.402251829462416,4,PIT,0.56,0.597748170537584,3,Lost,0,1,1.0,0.0,0.0,1,0.0
"2024-01-11 - NJ 3, TB 4",2024-01-11,NJ,0.44,0.4363509151449636,3,TB,0.6,0.5636490848550364,4,Won,0,0,0.0,1.0,0.0,0,0.0
"2024-01-11 - SEA 4, WSH 1",2024-01-11,SEA,0.55,0.4639487975612869,4,WSH,0.5,0.5360512024387131,1,Lost,0,1,1.0,0.0,0.0,1,0.0
"2024-01-11 - TOR 3, NYI 4",2024-01-11,TOR,0.56,0.5260075452770121,3,NYI,0.48,0.4739924547229878,4,Won,0,0,0.0,1.0,0.0,0,0.0
"2024-01-11 - NYR 2, STL 5",2024-01-11,NYR,0.62,0.5,2,STL,,0.5,5,Won,0,0,0.0,1.0,0.0,0,
"2024-01-11 - CHI 1, WPG 2",2024-01-11,CHI,0.24,0.4272054461189796,1,WPG,0.8,0.5727945538810203,2,Won,1,0,0.0,1.0,0.0,1,0.0
"2024-01-11 - CGY 6, ARI 2",2024-01-11,CGY,0.55,0.4655972715162786,6,ARI,0.5,0.5344027284837213,2,Lost,0,1,1.0,0.0,0.0,1,0.0
"2024-01-11 - BOS 1, VGK 2",2024-01-11,BOS,0.57,0.4858002795275439,1,VGK,0.47,0.5141997204724561,2,Won,0,1,0.0,1.0,1.0,1,2.127659574468085
"2024-01-12 - NSH 6, DAL 3",2024-01-12,NSH,0.41,0.4235807106242077,6,DAL,0.64,0.5764192893757923,3,Lost,1,0,1.0,0.0,1.0,1,2.4390243902439024
"2024-01-12 - NSH 6, DAL 3",2024-01-12,NSH,0.41,0.4235807106242077,6,DAL,0.78,0.5764192893757923,3,Lost,1,0,1.0,0.0,1.0,1,2.4390243902439024
"2024-01-12 - NSH 6, DAL 3",2024-01-12,NSH,0.52,0.4235807106242077,6,DAL,0.64,0.5764192893757923,3,Lost,0,0,1.0,0.0,0.0,0,0.0
"2024-01-12 - NSH 6, DAL 3",2024-01-12,NSH,0.52,0.4235807106242077,6,DAL,0.78,0.5764192893757923,3,Lost,0,0,1.0,0.0,0.0,0,0.0
"2024-01-12 - PHI 4, MIN 3",2024-01-12,PHI,0.53,0.4641255863566809,4,MIN,0.51,0.535874413643319,3,Lost,0,1,1.0,0.0,0.0,1,0.0
"2024-01-12 - PHI 4, MIN 3",2024-01-12,PHI,0.53,0.4641255863566809,4,MIN,0.59,0.535874413643319,3,Lost,0,0,1.0,0.0,0.0,0,0.0
"2024-01-12 - PHI 4, MIN 3",2024-01-12,PHI,0.4,0.4641255863566809,4,MIN,0.51,0.535874413643319,3,Lost,1,1,1.0,0.0,1.0,2,2.5
"2024-01-12 - PHI 4, MIN 3",2024-01-12,PHI,0.4,0.4641255863566809,4,MIN,0.59,0.535874413643319,3,Lost,1,0,1.0,0.0,1.0,1,2.5
"2024-01-15 - NJ 0, BOS 3",2024-01-15,NJ,0.42,0.4696297667394594,0,BOS,0.62,0.5303702332605407,3,Won,1,0,0.0,1.0,0.0,1,0.0
"2024-01-15 - SJ 0, BUF 3",2024-01-15,SJ,0.33,0.4269716539150983,0,BUF,0.71,0.5730283460849016,3,Won,1,0,0.0,1.0,0.0,1,0.0
"2024-01-15 - VAN 3, CBJ 4",2024-01-15,VAN,0.69,0.5,3,CBJ,0.36,0.5,4,Won,0,1,0.0,1.0,1.0,1,2.7777777777777777
"2024-01-15 - ANA 5, FLA 4",2024-01-15,ANA,0.24,0.430499276841039,5,FLA,0.8,0.569500723158961,4,Lost,1,0,1.0,0.0,1.0,1,4.166666666666667
"2024-01-15 - LA 5, CAR 2",2024-01-15,LA,0.45,0.448554995382644,5,CAR,0.59,0.5514450046173559,2,Lost,0,0,1.0,0.0,0.0,0,0.0
"2024-01-15 - NYI 0, MIN 5",2024-01-15,NYI,0.51,0.4312589874269921,0,MIN,0.53,0.5687410125730077,5,Won,0,1,0.0,1.0,1.0,1,1.8867924528301885
"2024-01-15 - SEA 0, PIT 3",2024-01-15,SEA,0.45,0.4200986182498371,0,PIT,0.59,0.5799013817501629,3,Won,0,0,0.0,1.0,0.0,0,0.0
"2024-01-15 - COL 3, MTL 4",2024-01-15,COL,0.69,0.5409674078062283,3,MTL,0.36,0.4590325921937716,4,Won,0,1,0.0,1.0,1.0,1,2.7777777777777777
"2024-01-15 - PHI 4, STL 2",2024-01-15,PHI,0.51,0.5135210788425462,4,STL,,0.4864789211574537,2,Lost,1,0,1.0,0.0,1.0,1,
"2024-01-15 - NSH 1, VGK 4",2024-01-15,NSH,0.49,0.486915137042919,1,VGK,0.56,0.513084862957081,4,Won,0,0,0.0,1.0,0.0,0,0.0
"2024-01-16 - SEA 2, NYR 5",2024-01-16,SEA,0.36,0.4277957042231908,2,NYR,0.69,0.5722042957768092,5,Won,1,0,0.0,1.0,0.0,1,0.0
"2024-01-16 - COL 7, OTT 4",2024-01-16,COL,0.55,0.4816699353445114,7,OTT,0.5,0.5183300646554886,4,Lost,0,1,1.0,0.0,0.0,1,0.0
"2024-01-16 - ANA 0, WSH 2",2024-01-16,ANA,0.4,0.4402538078543084,0,WSH,0.65,0.5597461921456917,2,Won,1,0,0.0,1.0,0.0,1,0.0
"2024-01-16 - LA 1, DAL 5",2024-01-16,LA,0.48,0.4399001891956224,1,DAL,0.56,0.5600998108043775,5,Won,0,1,0.0,1.0,1.0,1,1.7857142857142856
"2024-01-16 - NYI 2, WPG 4",2024-01-16,NYI,0.39,0.4060473249185561,2,WPG,0.65,0.593952675081444,4,Won,1,0,0.0,1.0,0.0,1,0.0
"2024-01-16 - SJ 1, CHI 2",2024-01-16,SJ,0.45,0.4432383468778505,1,CHI,0.59,0.5567616531221494,2,Won,0,0,0.0,1.0,0.0,0,0.0
"2024-01-16 - SJ 1, CHI 2",2024-01-16,SJ,0.45,0.4432383468778505,1,CHI,0.29,0.5567616531221494,2,Won,0,1,0.0,1.0,1.0,1,3.4482758620689657
"2024-01-16 - ARI 2, CGY 3",2024-01-16,ARI,0.43,0.4328388201460602,2,CGY,0.62,0.56716117985394,3,Won,1,0,0.0,1.0,0.0,1,0.0
"2024-01-16 - TOR 2, EDM 4",2024-01-16,TOR,0.44,0.4479192610581635,2,EDM,0.6,0.5520807389418365,4,Won,1,0,0.0,1.0,0.0,1,0.0
"2024-01-17 - DET 3, FLA 2",2024-01-17,DET,0.37,0.4096153742032367,3,FLA,0.68,0.5903846257967633,2,Lost,1,0,1.0,0.0,1.0,1,2.7027027027027026
"2024-01-17 - MTL 3, NJ 2",2024-01-17,MTL,0.4,0.4194480280685367,3,NJ,0.65,0.5805519719314635,2,Lost,1,0,1.0,0.0,1.0,1,2.5
"2024-01-17 - MTL 3, NJ 2",2024-01-17,MTL,0.4,0.4194480280685367,3,NJ,0.65,0.5805519719314635,2,Lost,1,0,1.0,0.0,1.0,1,2.5
"2024-01-18 - COL 2, BOS 5",2024-01-18,COL,0.45,0.4913250909523954,2,BOS,0.59,0.5086749090476045,5,Won,1,0,0.0,1.0,0.0,1,0.0
"2024-01-18 - MTL 2, OTT 6",2024-01-18,MTL,0.4,0.4289603978141771,2,OTT,0.65,0.571039602185823,6,Won,1,0,0.0,1.0,0.0,1,0.0
"2024-01-18 - DAL 1, PHI 5",2024-01-18,DAL,0.57,0.4375704876282201,1,PHI,0.47,0.5624295123717798,5,Won,0,1,0.0,1.0,1.0,1,2.127659574468085
"2024-01-18 - MIN 3, TB 7",2024-01-18,MIN,0.47,0.4399915054718503,3,TB,0.57,0.5600084945281498,7,Won,0,0,0.0,1.0,0.0,0,0.0
"2024-01-18 - STL 2, WSH 5",2024-01-18,STL,,0.4765835510525511,2,WSH,0.53,0.5234164489474491,5,Won,0,0,0.0,1.0,0.0,0,
"2024-01-18 - TOR 4, CGY 3",2024-01-18,TOR,0.56,0.4654517687218409,4,CGY,0.48,0.5345482312781593,3,Lost,0,1,1.0,0.0,0.0,1,0.0
"2024-01-18 - SEA 2, EDM 4",2024-01-18,SEA,0.36,0.3976834110598783,2,EDM,0.69,0.6023165889401216,4,Won,1,0,0.0,1.0,0.0,1,0.0
"2024-01-18 - NSH 2, LA 1",2024-01-18,NSH,0.44,0.4597352720984896,2,LA,0.6,0.5402647279015104,1,Lost,1,0,1.0,0.0,1.0,1,2.272727272727273
"2024-01-18 - ARI 1, VAN 2",2024-01-18,ARI,0.38,0.4071594137953095,1,VAN,0.67,0.5928405862046904,2,Won,1,0,0.0,1.0,0.0,1,0.0
"2024-01-18 - NYR 1, VGK 5",2024-01-18,NYR,0.56,0.5093702064102972,1,VGK,0.48,0.4906297935897027,5,Won,0,1,0.0,1.0,1.0,1,2.0833333333333335
"2024-01-20 - TB 3, BUF 1",2024-01-20,TB,0.55,0.4809139749788341,3,BUF,0.5,0.5190860250211659,1,Lost,0,1,1.0,0.0,0.0,1,0.0
"2024-01-20 - COL 7, PHI 4",2024-01-20,COL,0.53,0.4295371382446538,7,PHI,0.51,0.5704628617553463,4,Lost,0,1,1.0,0.0,0.0,1,0.0
"2024-01-20 - NSH 2, ARI 3",2024-01-20,NSH,0.57,0.4862842328304066,2,ARI,0.48,0.5137157671695933,3,Won,0,1,0.0,1.0,1.0,1,2.0833333333333335
"2024-01-20 - WPG 2, OTT 1",2024-01-20,WPG,0.59,0.4484388618671827,2,OTT,0.45,0.5515611381328172,1,Lost,0,1,1.0,0.0,0.0,1,0.0
"2024-01-20 - MTL 4, BOS 9",2024-01-20,MTL,0.29,0.4142707331290227,4,BOS,0.75,0.5857292668709773,9,Won,1,0,0.0,1.0,0.0,1,0.0
"2024-01-20 - DAL 6, NJ 2",2024-01-20,DAL,0.57,0.4404073308474999,6,NJ,0.48,0.5595926691525,2,Lost,0,1,1.0,0.0,0.0,1,0.0
"2024-01-20 - TOR 4, VAN 6",2024-01-20,TOR,0.49,0.5,4,VAN,0.56,0.5,6,Won,1,0,0.0,1.0,0.0,1,0.0
"2024-01-20 - WSH 0, STL 3",2024-01-20,WSH,0.49,0.4509502473685012,0,STL,,0.5490497526314987,3,Won,0,0,0.0,1.0,0.0,0,
"2024-01-20 - EDM 3, CGY 1",2024-01-20,EDM,0.61,0.443285439066522,3,CGY,0.44,0.5567145609334779,1,Lost,0,1,1.0,0.0,0.0,1,0.0
"2024-01-20 - ANA 3, SJ 5",2024-01-20,ANA,0.56,0.4747215347069974,3,SJ,0.49,0.5252784652930025,5,Won,0,1,0.0,1.0,1.0,1,2.0408163265306123
"2024-01-20 - PIT 2, VGK 3",2024-01-20,PIT,0.53,0.4813541475420741,2,VGK,0.51,0.5186458524579259,3,Won,0,1,0.0,1.0,1.0,1,1.9607843137254901
"2024-01-20 - NYR 1, LA 2",2024-01-20,NYR,0.49,0.4759465800468532,1,LA,0.56,0.5240534199531469,2,Won,0,0,0.0,1.0,0.0,0,0.0
"2024-01-22 - WPG 1, BOS 4",2024-01-22,WPG,0.48,0.4669481073196522,1,BOS,0.57,0.5330518926803479,4,Won,0,0,0.0,1.0,0.0,0,0.0
"2024-01-22 - VGK 5, NJ 6",2024-01-22,VGK,0.5,0.484466709566154,5,NJ,0.55,0.51553329,6,Won,0,0,0.0,1.0,0.0,0,0.0
"2024-01-22 - FLA 4, NSH 1",2024-01-22,FLA,0.56,0.4539417655032898,4,NSH,0.49,0.5460582344967103,1,Lost,0,1,1.0,0.0,0.0,1,0.0
"2024-01-22 - PIT 2, ARI 5",2024-01-22,PIT,0.59,0.5163545887570072,2,ARI,0.45,0.4836454112429928,5,Won,0,1,0.0,1.0,1.0,1,2.2222222222222223
"2024-01-22 - CHI 0, VAN 2",2024-01-22,CHI,0.22,0.43232792,0,VAN,0.82,0.5676720799331649,2,Won,1,0,0.0,1.0,0.0,1,0.0
"2024-01-22 - SJ 4, LA 3",2024-01-22,SJ,0.26,0.4261039627730629,4,LA,0.79,0.573896037,3,Lost,1,0,1.0,0.0,1.0,1,3.846153846153846
"2024-01-23 - DAL 5, DET 4",2024-01-23,DAL,0.59,0.4849906786519985,5,DET,0.45,0.5150093213480014,4,Lost,0,1,1.0,0.0,0.0,1,0.0
"2024-01-23 - OTT 4, MTL 1",2024-01-23,OTT,0.58,0.5123089783929563,4,MTL,0.47,0.4876910216070439,1,Lost,0,1,1.0,0.0,0.0,1,0.0
"2024-01-23 - TB 6, PHI 3",2024-01-23,TB,0.52,0.4279404380810639,6,PHI,0.52,0.572059561918936,3,Lost,0,1,1.0,0.0,0.0,1,0.0
"2024-01-23 - VGK 3, NYI 2",2024-01-23,VGK,0.44,0.5154751207023194,3,NYI,0.61,0.4845248792976808,2,Lost,1,0,1.0,0.0,1.0,1,2.272727272727273
"2024-01-23 - WSH 3, MIN 5",2024-01-23,WSH,0.43,0.4525304995387585,3,MIN,0.62,0.5474695004612417,5,Won,1,0,0.0,1.0,0.0,1,0.0
"2024-01-23 - STL 4, CGY 3",2024-01-23,STL,,0.4517016622454727,4,CGY,0.62,0.5482983377545271,3,Lost,0,0,1.0,0.0,0.0,0,
"2024-01-23 - CBJ 1, EDM 4",2024-01-23,CBJ,0.26,0.4165311871993523,1,EDM,0.79,0.5834688128006479,4,Won,1,0,0.0,1.0,0.0,1,0.0
"2024-01-23 - BUF 2, ANA 4",2024-01-23,BUF,0.62,0.5180124960552556,2,ANA,0.43,0.4819875039447444,4,Won,0,1,0.0,1.0,1.0,1,2.3255813953488373
"2024-01-23 - NYR 2, SJ 3",2024-01-23,NYR,0.78,0.5083282633433088,2,SJ,0.27,0.4916717366566912,3,Won,0,1,0.0,1.0,1.0,1,3.7037037037037033
"2024-01-24 - ARI 2, FLA 6",2024-01-24,ARI,0.35,0.4196282690648223,2,FLA,0.69,0.5803717309351776,6,Won,1,0,0.0,1.0,0.0,1,0.0
"2024-01-24 - WPG 0, TOR 1",2024-01-24,WPG,0.49,0.4495534749841666,0,TOR,0.56,0.5504465250158334,1,Won,0,0,0.0,1.0,0.0,0,0.0
"2024-01-24 - CAR 3, BOS 2",2024-01-24,CAR,0.48,0.5128898573330574,3,BOS,0.57,0.4871101426669423,2,Lost,1,0,1.0,0.0,1.0,1,2.0833333333333335
"2024-01-24 - WSH 2, COL 6",2024-01-24,WSH,0.33,0.4299542797398684,2,COL,0.71,0.5700457202601316,6,Won,1,0,0.0,1.0,0.0,1,0.0
"2024-01-24 - CHI 2, SEA 6",2024-01-24,CHI,0.29,0.446825685731348,2,SEA,0.75,0.5531743142686518,6,Won,1,0,0.0,1.0,0.0,1,0.0
"2024-01-24 - STL 4, VAN 3",2024-01-24,STL,,0.4361261974511195,4,VAN,0.69,0.5638738025488805,3,Lost,0,0,1.0,0.0,0.0,0,
"2024-01-24 - BUF 5, LA 3",2024-01-24,BUF,0.37,0.4749148945579651,5,LA,0.68,0.5250851054420348,3,Lost,1,0,1.0,0.0,1.0,1,2.7027027027027026
"2024-01-25 - NJ 2, CAR 3",2024-01-25,NJ,0.43,0.4302700639817896,2,CAR,0.62,0.5697299360182103,3,Won,1,0,0.0,1.0,0.0,1,0.0
"2024-01-25 - PHI 0, DET 3",2024-01-25,PHI,0.51,0.4823024682782333,0,DET,0.53,0.5176975317217668,3,Won,0,0,0.0,1.0,0.0,0,0.0
"2024-01-25 - NYI 3, MTL 4",2024-01-25,NYI,0.6,0.5505673922030527,3,MTL,0.44,0.4494326077969473,4,Won,0,1,0.0,1.0,1.0,1,2.272727272727273
"2024-01-25 - BOS 3, OTT 2",2024-01-25,BOS,0.57,0.4265111979145594,3,OTT,0.47,0.5734888020854405,2,Lost,0,1,1.0,0.0,0.0,1,0.0
"2024-01-25 - ARI 3, TB 6",2024-01-25,ARI,0.37,0.3730130955910789,3,TB,0.68,0.6269869044089211,6,Won,1,0,0.0,1.0,0.0,1,0.0
"2024-01-25 - ANA 3, DAL 4",2024-01-25,ANA,0.27,0.4394802989940413,3,DAL,0.78,0.5605197010059586,4,Won,1,0,0.0,1.0,0.0,1,0.0
"2024-01-25 - NSH 3, MIN 2",2024-01-25,NSH,0.5,0.4926887045198732,3,MIN,0.55,0.5073112954801269,2,Lost,0,0,1.0,0.0,0.0,0,0.0
"2024-01-25 - CBJ 5, CGY 2",2024-01-25,CBJ,0.39,0.4605989064895526,5,CGY,0.65,0.5394010935104473,2,Lost,1,0,1.0,0.0,1.0,1,2.564102564102564
"2024-01-25 - CHI 0, EDM 3",2024-01-25,CHI,0.18,0.4267594487939881,0,EDM,0.87,0.5732405512060119,3,Won,1,0,0.0,1.0,0.0,1,0.0
"2024-01-26 - VGK 5, NYR 2",2024-01-26,VGK,0.44,0.4497671614218855,5,NYR,0.6,0.5502328385781144,2,Lost,1,0,1.0,0.0,1.0,1,2.272727272727273
"2024-01-26 - FLA 3, PIT 2",2024-01-26,FLA,0.56,0.43700048259788,3,PIT,0.49,0.5629995174021198,2,Lost,0,1,1.0,0.0,0.0,1,0.0
"2024-01-26 - LA 1, COL 5",2024-01-26,LA,0.44,0.4542165203115285,1,COL,0.6,0.5457834796884715,5,Won,1,0,0.0,1.0,0.0,1,0.0
"2024-01-26 - STL 4, SEA 3",2024-01-26,STL,,0.4384694256930958,4,SEA,0.62,0.5615305743069042,3,Lost,0,0,1.0,0.0,0.0,0,
"2024-01-27 - BOS 6, PHI 2",2024-01-27,BOS,0.6,0.435665498688662,6,PHI,0.44,0.5643345013113381,2,Lost,0,1,1.0,0.0,0.0,1,0.0
"2024-01-27 - WSH 4, DAL 5",2024-01-27,WSH,0.34,0.4593588340040403,4,DAL,0.71,0.5406411659959596,5,Won,1,0,0.0,1.0,0.0,1,0.0
"2024-01-27 - NSH 1, EDM 4",2024-01-27,NSH,0.35,0.4220553678463816,1,EDM,0.69,0.5779446321536182,4,Won,1,0,0.0,1.0,0.0,1,0.0
"2024-01-27 - BUF 5, SJ 2",2024-01-27,BUF,0.67,0.5066572516387204,5,SJ,0.38,0.4933427483612795,2,Lost,0,1,1.0,0.0,0.0,1,0.0
"2024-01-27 - ARI 1, CAR 3",2024-01-27,ARI,0.33,0.4207024163718482,1,CAR,0.71,0.5792975836281518,3,Won,1,0,0.0,1.0,0.0,1,0.0
"2024-01-27 - VGK 2, DET 5",2024-01-27,VGK,0.48,0.4673932686903069,2,DET,0.57,0.532606731309693,5,Won,0,0,0.0,1.0,0.0,0,0.0
"2024-01-27 - NYR 7, OTT 2",2024-01-27,NYR,0.52,0.4353061793782993,7,OTT,0.52,0.5646938206217007,2,Lost,0,1,1.0,0.0,0.0,1,0.0
"2024-01-27 - MTL 2, PIT 3",2024-01-27,MTL,0.35,0.4105591689923426,2,PIT,0.69,0.5894408310076573,3,Won,1,0,0.0,1.0,0.0,1,0.0
"2024-01-27 - NJ 3, TB 6",2024-01-27,NJ,0.44,0.4294013234916814,3,TB,0.61,0.5705986765083186,6,Won,0,0,0.0,1.0,0.0,0,0.0
"2024-01-27 - TOR 4, WPG 2",2024-01-27,TOR,0.49,0.4655699423789191,4,WPG,0.56,0.5344300576210809,2,Lost,0,0,1.0,0.0,0.0,0,0.0
"2024-01-27 - FLA 3, NYI 2",2024-01-27,FLA,0.58,0.4482849573407252,3,NYI,0.47,0.5517150426592746,2,Lost,0,1,1.0,0.0,0.0,1,0.0
"2024-01-27 - ANA 3, MIN 2",2024-01-27,ANA,0.37,0.4496826688472851,3,MIN,0.68,0.550317331152715,2,Lost,1,0,1.0,0.0,1.0,1,2.7027027027027026
"2024-01-27 - CHI 0, CGY 1",2024-01-27,CHI,0.29,0.4634330500411884,0,CGY,0.75,0.5365669499588118,1,Won,1,0,0.0,1.0,0.0,1,0.0
"2024-01-27 - CBJ 4, VAN 5",2024-01-27,CBJ,0.29,0.4350797592310425,4,VAN,0.75,0.5649202407689574,5,Won,1,0,0.0,1.0,0.0,1,0.0
"2024-01-30 - CBJ 1, STL 0",2024-01-30,CBJ,0.43,0.5,1,STL,,0.5,0,Lost,1,0,1.0,0.0,1.0,1,
"2024-01-30 - SEA 0, SJ 2",2024-01-30,SEA,0.71,0.5113404405273063,0,SJ,0.33,0.4886595594726938,2,Won,0,1,0.0,1.0,1.0,1,3.0303030303030303
"2024-01-30 - SEA 0, SJ 2",2024-01-30,SEA,0.71,0.5113404405273063,0,SJ,0.39,0.4886595594726938,2,Won,0,1,0.0,1.0,1.0,1,2.564102564102564
"2024-01-31 - OTT 3, DET 2",2024-01-31,OTT,0.5,0.4931096524248509,3,DET,0.55,0.5068903475751493,2,Lost,0,0,1.0,0.0,0.0,0,0.0
"2024-01-31 - LA 4, NSH 2",2024-01-31,LA,0.55,0.4428067791315501,4,NSH,0.5,0.5571932208684498,2,Lost,0,1,1.0,0.0,0.0,1,0.0
"2024-01-31 - SJ 2, ANA 3",2024-01-31,SJ,0.4,0.4544436973406296,2,ANA,0.65,0.5455563026593705,3,Won,1,0,0.0,1.0,0.0,1,0.0
"2024-02-05 - COL 1, NYR 2",2024-02-05,COL,0.52,0.4467564917373017,1,NYR,0.52,0.5532435082626982,2,Won,0,1,0.0,1.0,1.0,1,1.923076923076923
"2024-02-05 - NYI 3, TOR 2",2024-02-05,NYI,0.43,0.4526927200926794,3,TOR,0.62,0.5473072799073205,2,Lost,1,0,1.0,0.0,1.0,1,2.3255813953488373
"2024-02-06 - CGY 4, BOS 1",2024-02-06,CGY,0.39,0.4500220216299546,4,BOS,0.65,0.5499779783700455,1,Lost,1,0,1.0,0.0,1.0,1,2.564102564102564
"2024-02-06 - DAL 2, BUF 1",2024-02-06,DAL,0.61,0.456307291869256,2,BUF,0.44,0.5436927081307441,1,Lost,0,1,1.0,0.0,0.0,1,0.0
"2024-02-06 - VAN 3, CAR 2",2024-02-06,VAN,0.45,0.4382773908896478,3,CAR,0.59,0.5617226091103521,2,Lost,0,0,1.0,0.0,0.0,0,0.0
"2024-02-06 - PHI 2, FLA 1",2024-02-06,PHI,0.37,0.446950011767048,2,FLA,0.68,0.553049988232952,1,Lost,1,0,1.0,0.0,1.0,1,2.7027027027027026
"2024-02-06 - COL 3, NJ 5",2024-02-06,COL,0.55,0.4652495425850935,3,NJ,0.5,0.5347504574149065,5,Won,0,1,0.0,1.0,1.0,1,2.0
"2024-02-06 - WPG 0, PIT 3",2024-02-06,WPG,0.51,0.4606685829821474,0,PIT,0.53,0.5393314170178527,3,Won,0,1,0.0,1.0,1.0,1,1.8867924528301885
"2024-02-06 - MTL 5, WSH 2",2024-02-06,MTL,0.44,0.4421401488838345,5,WSH,0.61,0.5578598511161653,2,Lost,1,0,1.0,0.0,1.0,1,2.272727272727273
"2024-02-06 - EDM 1, VGK 3",2024-02-06,EDM,0.59,0.4670937720216242,1,VGK,0.45,0.532906227978376,3,Won,0,1,0.0,1.0,1.0,1,2.2222222222222223
"2024-02-07 - TB 1, NYR 3",2024-02-07,TB,0.49,0.4694020713946417,1,NYR,0.56,0.5305979286053583,3,Won,0,0,0.0,1.0,0.0,0,0.0
"2024-02-07 - DAL 4, TOR 5",2024-02-07,DAL,0.48,0.435628142213348,4,TOR,0.57,0.564371857786652,5,Won,0,0,0.0,1.0,0.0,0,0.0
"2024-02-07 - MIN 2, CHI 1",2024-02-07,MIN,0.68,0.4613424596225193,2,CHI,0.37,0.5386575403774806,1,Lost,0,1,1.0,0.0,0.0,1,0.0
"2024-02-08 - VAN 0, BOS 4",2024-02-08,VAN,0.48,0.3936683026705214,0,BOS,0.57,0.6063316973294784,4,Won,0,1,0.0,1.0,1.0,1,1.7543859649122808
"2024-02-08 - WSH 2, FLA 4",2024-02-08,WSH,0.31,0.4352650679697628,2,FLA,0.74,0.5647349320302373,4,Won,1,0,0.0,1.0,0.0,1,0.0
"2024-02-08 - CGY 5, NJ 3",2024-02-08,CGY,0.48,0.4688738131744596,5,NJ,0.57,0.5311261868255402,3,Lost,0,0,1.0,0.0,0.0,0,0.0
"2024-02-08 - WPG 1, PHI 4",2024-02-08,WPG,0.56,0.4509137953425653,1,PHI,0.49,0.5490862046574347,4,Won,0,1,0.0,1.0,1.0,1,2.0408163265306123
"2024-02-08 - TB 2, NYI 6",2024-02-08,TB,0.45,0.4788674723884588,2,NYI,0.59,0.5211325276115412,6,Won,1,0,0.0,1.0,0.0,1,0.0
"2024-02-08 - COL 2, CAR 5",2024-02-08,COL,0.48,0.4519184320954845,2,CAR,0.57,0.5480815679045156,5,Won,0,0,0.0,1.0,0.0,0,0.0
"2024-02-08 - VGK 3, ARI 2",2024-02-08,VGK,0.57,0.4481129612716318,3,ARI,0.48,0.5518870387283683,2,Lost,0,1,1.0,0.0,0.0,1,0.0
"2024-02-09 - PIT 2, MIN 3",2024-02-09,PIT,0.53,0.5,2,MIN,0.51,0.5,3,Won,0,0,0.0,1.0,0.0,0,0.0
"2024-02-09 - NYR 4, CHI 3",2024-02-09,NYR,0.75,0.5365757248265113,4,CHI,0.3,0.4634242751734886,3,Lost,0,1,1.0,0.0,0.0,1,0.0
"2024-02-09 - EDM 5, ANA 3",2024-02-09,EDM,0.74,0.5,5,ANA,0.31,0.5,3,Lost,0,1,1.0,0.0,0.0,1,0.0
"2024-02-10 - STL 3, BUF 1",2024-02-10,STL,,0.432378302,3,BUF,0.62,0.5676216978642961,1,Lost,0,0,1.0,0.0,0.0,0,
"2024-02-10 - VAN 3, DET 4",2024-02-10,VAN,0.58,0.5,3,DET,0.47,0.5,4,Won,0,1,0.0,1.0,1.0,1,2.127659574468085
"2024-02-10 - DAL 3, MTL 2",2024-02-10,DAL,0.69,0.4910404314799837,3,MTL,0.36,0.5089595685200163,2,Lost,0,1,1.0,0.0,0.0,1,0.0
"2024-02-10 - CGY 5, NYI 2",2024-02-10,CGY,0.51,0.459396664245529,5,NYI,0.53,0.5406033357544711,2,Lost,0,1,1.0,0.0,0.0,1,0.0
"2024-02-10 - WSH 3, BOS 0",2024-02-10,WSH,0.31,0.418813453,3,BOS,0.74,0.5811865473228689,0,Lost,1,0,1.0,0.0,1.0,1,3.2258064516129035
"2024-02-10 - COL 0, FLA 4",2024-02-10,COL,0.48,0.4272010776131666,0,FLA,0.57,0.5727989223868333,4,Won,0,1,0.0,1.0,1.0,1,1.7543859649122808
"2024-02-10 - NJ 0, CAR 1",2024-02-10,NJ,0.43,0.442159994,0,CAR,0.62,0.5578400055374431,1,Won,1,0,0.0,1.0,0.0,1,0.0
"2024-02-10 - TB 4, CBJ 2",2024-02-10,TB,0.64,0.4776361772040287,4,CBJ,0.41,0.5223638227959713,2,Lost,0,1,1.0,0.0,0.0,1,0.0
"2024-02-10 - TOR 3, OTT 5",2024-02-10,TOR,0.57,0.433630899,3,OTT,0.48,0.5663691011524641,5,Won,0,1,0.0,1.0,1.0,1,2.0833333333333335
"2024-02-10 - SEA 2, PHI 3",2024-02-10,SEA,0.52,0.4428387784051978,2,PHI,0.52,0.5571612215948023,3,Won,0,1,0.0,1.0,1.0,1,1.923076923076923
"2024-02-10 - PIT 1, WPG 2",2024-02-10,PIT,0.44,0.4744983693687716,1,WPG,0.61,0.5255016306312283,2,Won,1,0,0.0,1.0,0.0,1,0.0
"2024-02-10 - ARI 4, NSH 5",2024-02-10,ARI,0.45,0.4092352332614567,4,NSH,0.59,0.5907647667385433,5,Won,0,1,0.0,1.0,1.0,1,1.6949152542372883
"2024-02-10 - EDM 0, LA 4",2024-02-10,EDM,0.56,0.4538158600315883,0,LA,0.49,0.5461841399684115,4,Won,0,1,0.0,1.0,1.0,1,2.0408163265306123
"2024-02-12 - SEA 1, NJ 3",2024-02-12,SEA,0.48,0.4723746633705818,1,NJ,0.57,0.527625337,3,Won,0,0,0.0,1.0,0.0,0,0.0
"2024-02-12 - CGY 0, NYR 2",2024-02-12,CGY,0.42,0.4577440593908944,0,NYR,0.62,0.5422559406091054,2,Won,1,0,0.0,1.0,0.0,1,0.0
"2024-02-12 - ARI 3, PHI 5",2024-02-12,ARI,0.44,0.3963308074258514,3,PHI,0.6,0.6036691925741486,5,Won,0,1,0.0,1.0,1.0,1,1.6666666666666667
"2024-02-12 - MIN 5, VGK 3",2024-02-12,MIN,0.45,0.5,5,VGK,0.59,0.5,3,Lost,1,0,1.0,0.0,1.0,1,2.2222222222222223
"2024-02-14 - FLA 5, PIT 2",2024-02-14,FLA,0.57,0.4694601973958409,5,PIT,0.47,0.5305398026041591,2,Lost,0,1,1.0,0.0,0.0,1,0.0
"2024-02-14 - SJ 0, WPG 1",2024-02-14,SJ,0.23,0.4501909955329735,0,WPG,0.82,0.5498090044670266,1,Won,1,0,0.0,1.0,0.0,1,0.0
"2024-02-14 - MIN 3, ARI 1",2024-02-14,MIN,0.53,0.5,3,ARI,0.51,0.5,1,Lost,0,0,1.0,0.0,0.0,0,0.0
"2024-02-15 - SEA 4, BOS 1",2024-02-15,SEA,0.39,0.4390872705308827,4,BOS,0.65,0.5609127294691174,1,Lost,1,0,1.0,0.0,1.0,1,2.564102564102564
"2024-02-15 - FLA 4, BUF 0",2024-02-15,FLA,0.61,0.4629912112913586,4,BUF,0.44,0.5370087887086412,0,Lost,0,1,1.0,0.0,0.0,1,0.0
"2024-02-15 - LA 2, NJ 1",2024-02-15,LA,0.52,0.4251939514734245,2,NJ,0.52,0.5748060485265756,1,Lost,0,1,1.0,0.0,0.0,1,0.0
"2024-02-15 - MTL 4, NYR 7",2024-02-15,MTL,0.33,0.3918185395129159,4,NYR,0.71,0.6081814604870841,7,Won,1,0,0.0,1.0,0.0,1,0.0
"2024-02-15 - ANA 5, OTT 1",2024-02-15,ANA,0.35,0.4063025086025988,5,OTT,0.69,0.5936974913974011,1,Lost,1,0,1.0,0.0,1.0,1,2.857142857142857
"2024-02-15 - COL 3, TB 6",2024-02-15,COL,0.49,0.4173960396831531,3,TB,0.56,0.5826039603168469,6,Won,0,1,0.0,1.0,1.0,1,1.7857142857142856
"2024-02-15 - PHI 3, TOR 4",2024-02-15,PHI,0.44,0.4733753291894428,3,TOR,0.61,0.5266246708105571,4,Won,1,0,0.0,1.0,0.0,1,0.0
"2024-02-15 - EDM 3, STL 6",2024-02-15,EDM,0.69,0.5261731523664697,3,STL,,0.4738268476335301,6,Won,0,0,0.0,1.0,0.0,0,
"2024-02-15 - PIT 4, CHI 1",2024-02-15,PIT,0.67,0.5236894617481174,4,CHI,0.38,0.4763105382518826,1,Lost,0,1,1.0,0.0,0.0,1,0.0
"2024-02-15 - SJ 6, CGY 3",2024-02-15,SJ,0.28,0.4167555697311687,6,CGY,0.78,0.5832444302688312,3,Lost,1,0,1.0,0.0,1.0,1,3.571428571428571
"2024-02-15 - DAL 9, NSH 2",2024-02-15,DAL,0.61,0.4308779293150334,9,NSH,0.44,0.5691220706849668,2,Lost,0,1,1.0,0.0,0.0,1,0.0
"2024-02-15 - DET 1, VAN 4",2024-02-15,DET,0.4,0.3917556595477098,1,VAN,0.65,0.6082443404522903,4,Won,0,0,0.0,1.0,0.0,0,0.0
"2024-02-16 - CAR 5, ARI 1",2024-02-16,CAR,0.69,0.5080506105624714,5,ARI,0.36,0.4919493894375286,1,Lost,0,1,1.0,0.0,0.0,1,0.0
"2024-02-19 - ANA 4, BUF 3",2024-02-19,ANA,0.38,0.3991383883531575,4,BUF,0.67,0.6008616116468424,3,Lost,1,0,1.0,0.0,1.0,1,2.6315789473684212
"2024-02-19 - DAL 3, BOS 4",2024-02-19,DAL,0.48,0.4625987999703558,3,BOS,0.57,0.5374012000296441,4,Won,0,0,0.0,1.0,0.0,0,0.0
"2024-02-19 - TOR 4, STL 2",2024-02-19,TOR,0.61,0.5424620970932943,4,STL,,0.4575379029067058,2,Lost,0,0,1.0,0.0,0.0,0,
"2024-02-19 - VAN 7, MIN 10",2024-02-19,VAN,0.56,0.5368244555700769,7,MIN,0.48,0.463175544429923,10,Won,0,0,0.0,1.0,0.0,0,0.0
"2024-02-19 - DET 4, SEA 3",2024-02-19,DET,0.48,0.4299089544358158,4,SEA,0.57,0.5700910455641843,3,Lost,0,1,1.0,0.0,0.0,1,0.0
"2024-02-19 - EDM 6, ARI 3",2024-02-19,EDM,0.74,0.5687396529214301,6,ARI,0.31,0.4312603470785697,3,Lost,0,1,1.0,0.0,0.0,1,0.0
"2024-02-19 - WPG 3, CGY 6",2024-02-19,WPG,0.56,0.4805576114013389,3,CGY,0.48,0.5194423885986611,6,Won,0,1,0.0,1.0,1.0,1,2.0833333333333335
"2024-02-19 - VGK 4, SJ 0",2024-02-19,VGK,0.74,0.4942622219880245,4,SJ,0.31,0.5057377780119754,0,Lost,0,1,1.0,0.0,0.0,1,0.0
"2024-02-19 - CHI 3, CAR 6",2024-02-19,CHI,0.23,0.4480498710995241,3,CAR,0.82,0.5519501289004759,6,Won,1,0,0.0,1.0,0.0,1,0.0
"2024-02-19 - OTT 4, TB 2",2024-02-19,OTT,0.43,0.4703844423094962,4,TB,0.62,0.5296155576905038,2,Lost,1,0,1.0,0.0,1.0,1,2.3255813953488373
"2024-02-20 - OTT 2, FLA 3",2024-02-20,OTT,0.31,0.4349287191969833,2,FLA,0.74,0.5650712808030168,3,Won,1,0,0.0,1.0,0.0,1,0.0
"2024-02-20 - DAL 1, NYR 3",2024-02-20,DAL,0.47,0.434633961458881,1,NYR,0.57,0.565366038541119,3,Won,0,0,0.0,1.0,0.0,0,0.0
"2024-02-20 - NYI 5, PIT 4",2024-02-20,NYI,0.49,0.4694218208622002,5,PIT,0.56,0.5305781791377998,4,Lost,0,0,1.0,0.0,0.0,0,0.0
"2024-02-20 - NJ 2, WSH 6",2024-02-20,NJ,0.64,0.4450537575997631,2,WSH,0.41,0.5549462424002367,6,Won,0,1,0.0,1.0,1.0,1,2.4390243902439024
"2024-02-20 - MIN 3, WPG 6",2024-02-20,MIN,0.44,0.4311603422928451,3,WPG,0.6,0.5688396577071549,6,Won,0,0,0.0,1.0,0.0,0,0.0
"2024-02-20 - VAN 1, COL 3",2024-02-20,VAN,0.45,0.5189511887324791,1,COL,0.59,0.481048811267521,3,Won,1,0,0.0,1.0,0.0,1,0.0
"2024-02-20 - NSH 5, VGK 3",2024-02-20,NSH,0.45,0.5198109774429155,5,VGK,0.59,0.4801890225570847,3,Lost,1,0,1.0,0.0,1.0,1,2.2222222222222223
"2024-02-20 - CBJ 1, LA 5",2024-02-20,CBJ,0.33,0.4642963384848924,1,LA,0.71,0.5357036615151073,5,Won,1,0,0.0,1.0,0.0,1,0.0
"2024-02-20 - CBJ 1, LA 5",2024-02-20,CBJ,0.49,0.4642963384848924,1,LA,0.71,0.5357036615151073,5,Won,0,0,0.0,1.0,0.0,0,0.0
"2024-02-21 - BUF 3, MTL 2",2024-02-21,BUF,0.6,0.5324302307196821,3,MTL,0.44,0.467569769280318,2,Lost,0,1,1.0,0.0,0.0,1,0.0
"2024-02-21 - PHI 3, CHI 1",2024-02-21,PHI,0.71,0.5270572569899137,3,CHI,0.33,0.4729427430100863,1,Lost,0,1,1.0,0.0,0.0,1,0.0
"2024-02-21 - CBJ 7, ANA 4",2024-02-21,CBJ,0.52,0.5155951485252018,7,ANA,0.52,0.4844048514747983,4,Lost,0,0,1.0,0.0,0.0,0,0.0
"2024-02-21 - TOR 6, ARI 3",2024-02-21,TOR,0.65,0.5252867923846057,6,ARI,0.4,0.4747132076153944,3,Lost,0,1,1.0,0.0,0.0,1,0.0
"2024-02-21 - BOS 6, EDM 5",2024-02-21,BOS,0.47,0.3859983055066606,6,EDM,0.57,0.6140016944933395,5,Lost,0,1,1.0,0.0,0.0,1,0.0
"2024-02-22 - FLA 0, CAR 1",2024-02-22,FLA,0.51,0.4514555534875376,0,CAR,0.53,0.5485444465124623,1,Won,0,1,0.0,1.0,1.0,1,1.8867924528301885
"2024-02-22 - COL 1, DET 2",2024-02-22,COL,0.57,0.4895610623869461,1,DET,0.47,0.510438937613054,2,Won,0,1,0.0,1.0,1.0,1,2.127659574468085
"2024-02-22 - NYR 5, NJ 1",2024-02-22,NYR,0.52,0.4331594257708915,5,NJ,0.52,0.5668405742291085,1,Lost,0,1,1.0,0.0,0.0,1,0.0
"2024-02-22 - DAL 1, OTT 4",2024-02-22,DAL,0.62,0.4412404042634475,1,OTT,0.42,0.5587595957365523,4,Won,0,1,0.0,1.0,1.0,1,2.380952380952381
"2024-02-22 - MTL 1, PIT 4",2024-02-22,MTL,0.31,0.3939881186652822,1,PIT,0.74,0.6060118813347178,4,Won,1,0,0.0,1.0,0.0,1,0.0
"2024-02-22 - WSH 5, TB 3",2024-02-22,WSH,0.38,0.4244883249977036,5,TB,0.67,0.5755116750022963,3,Lost,1,0,1.0,0.0,1.0,1,2.6315789473684212
"2024-02-22 - NYI 0, STL 4",2024-02-22,NYI,0.56,0.5,0,STL,,0.5,4,Won,0,0,0.0,1.0,0.0,0,
"2024-02-22 - BOS 2, CGY 3",2024-02-22,BOS,0.56,0.4301885535922915,2,CGY,0.49,0.5698114464077083,3,Won,0,1,0.0,1.0,1.0,1,2.0408163265306123
"2024-02-22 - VAN 2, SEA 5",2024-02-22,VAN,0.57,0.5141313851571783,2,SEA,0.47,0.4858686148428218,5,Won,0,1,0.0,1.0,1.0,1,2.127659574468085
"2024-02-22 - TOR 7, VGK 3",2024-02-22,TOR,0.53,0.5259377088460974,7,VGK,0.51,0.4740622911539024,3,Lost,0,0,1.0,0.0,0.0,0,0.0
"2024-02-22 - NSH 4, LA 1",2024-02-22,NSH,0.44,0.4547200279277791,4,LA,0.6,0.5452799720722209,1,Lost,1,0,1.0,0.0,1.0,1,2.272727272727273
"2024-02-23 - BUF 2, CBJ 1",2024-02-23,BUF,0.61,0.4573237527792313,2,CBJ,0.43,0.5426762472207688,1,Lost,0,1,1.0,0.0,0.0,1,0.0
"2024-02-23 - WPG 3, CHI 2",2024-02-23,WPG,0.74,0.5430630997063282,3,CHI,0.31,0.4569369002936721,2,Lost,0,1,1.0,0.0,0.0,1,0.0
"2024-02-23 - MIN 4, EDM 2",2024-02-23,MIN,0.4,0.4187793498571208,4,EDM,0.65,0.5812206501428792,2,Lost,1,0,1.0,0.0,1.0,1,2.5
"2024-02-25 - TB 4, NJ 1",2024-02-25,TB,0.45,0.4160714749324022,4,NJ,0.59,0.5839285250675977,1,Lost,0,0,1.0,0.0,0.0,0,0.0
"2024-02-25 - PHI 6, PIT 7",2024-02-25,PHI,0.41,0.458298279846082,6,PIT,0.64,0.5417017201539182,7,Won,1,0,0.0,1.0,0.0,1,0.0
"2024-02-25 - CAR 2, BUF 3",2024-02-25,CAR,0.57,0.4804411031766793,2,BUF,0.47,0.5195588968233205,3,Won,0,1,0.0,1.0,1.0,1,2.127659574468085
"2024-02-25 - NYR 2, CBJ 4",2024-02-25,NYR,0.64,0.4049908146539975,2,CBJ,0.41,0.5950091853460024,4,Won,0,1,0.0,1.0,1.0,1,2.4390243902439024
"2024-02-25 - DET 3, CHI 2",2024-02-25,DET,0.64,0.4740652186632668,3,CHI,0.41,0.5259347813367331,2,Lost,0,1,1.0,0.0,0.0,1,0.0
"2024-02-25 - ARI 3, WPG 4",2024-02-25,ARI,0.33,0.3959410298302757,3,WPG,0.71,0.6040589701697244,4,Won,1,0,0.0,1.0,0.0,1,0.0
"2024-02-25 - NSH 4, ANA 2",2024-02-25,NSH,0.62,0.5170504546871054,4,ANA,0.42,0.4829495453128945,2,Lost,0,1,1.0,0.0,0.0,1,0.0
"2024-02-26 - OTT 3, WSH 6",2024-02-26,OTT,0.58,0.4611558237547613,3,WSH,0.45,0.5388441762452385,6,Won,0,1,0.0,1.0,1.0,1,2.2222222222222223
"2024-02-26 - NYI 3, DAL 2",2024-02-26,NYI,0.43,0.4648288748143527,3,DAL,0.62,0.5351711251856471,2,Lost,1,0,1.0,0.0,1.0,1,2.3255813953488373
"2024-02-26 - LA 2, EDM 4",2024-02-26,LA,0.43,0.4234892777131596,2,EDM,0.61,0.5765107222868403,4,Won,0,0,0.0,1.0,0.0,0,0.0
"2024-02-26 - BOS 3, SEA 4",2024-02-26,BOS,0.59,0.4564727365755665,3,SEA,0.45,0.5435272634244335,4,Won,0,1,0.0,1.0,1.0,1,2.2222222222222223
"2024-02-27 - WSH 3, DET 8",2024-02-27,WSH,0.41,0.4532920778207311,3,DET,0.64,0.5467079221792688,8,Won,1,0,0.0,1.0,0.0,1,0.0
"2024-02-27 - BUF 2, FLA 3",2024-02-27,BUF,0.36,0.4523801712075466,2,FLA,0.69,0.5476198287924534,3,Won,1,0,0.0,1.0,0.0,1,0.0
"2024-02-27 - ARI 2, MTL 4",2024-02-27,ARI,0.52,0.3806366310157107,2,MTL,0.52,0.6193633689842892,4,Won,0,1,0.0,1.0,1.0,1,1.923076923076923
"2024-02-27 - TB 2, PHI 6",2024-02-27,TB,0.56,0.4321323522854399,2,PHI,0.48,0.56786764771456,6,Won,0,1,0.0,1.0,1.0,1,2.0833333333333335
"2024-02-27 - VGK 6, TOR 2",2024-02-27,VGK,0.42,0.4075981318156678,6,TOR,0.62,0.5924018681843322,2,Lost,0,0,1.0,0.0,0.0,0,0.0
"2024-02-27 - CAR 3, MIN 2",2024-02-27,CAR,0.58,0.4776877386559471,3,MIN,0.47,0.522312261344053,2,Lost,0,1,1.0,0.0,0.0,1,0.0
"2024-02-27 - OTT 1, NSH 4",2024-02-27,OTT,0.47,0.4510829490092631,1,NSH,0.58,0.548917050990737,4,Won,0,0,0.0,1.0,0.0,0,0.0
"2024-02-27 - STL 2, WPG 4",2024-02-27,STL,,0.407843109488418,2,WPG,0.65,0.592156890511582,4,Won,0,0,0.0,1.0,0.0,0,
"2024-02-27 - LA 2, CGY 4",2024-02-27,LA,0.51,0.4738496604002261,2,CGY,0.53,0.5261503395997738,4,Won,0,0,0.0,1.0,0.0,0,0.0
"2024-02-27 - DAL 1, COL 5",2024-02-27,DAL,0.48,0.4592167549528855,1,COL,0.57,0.5407832450471144,5,Won,0,0,0.0,1.0,0.0,0,0.0
"2024-02-27 - PIT 4, VAN 3",2024-02-27,PIT,0.43,0.5,4,VAN,0.61,0.5,3,Lost,1,0,1.0,0.0,1.0,1,2.3255813953488373
"2024-02-27 - NJ 7, SJ 2",2024-02-27,NJ,0.71,0.5,7,SJ,0.34,0.5,2,Lost,0,1,1.0,0.0,0.0,1,0.0
"2024-02-28 - CBJ 1, NYR 4",2024-02-28,CBJ,0.33,0.4783542732178253,1,NYR,0.71,0.5216457267821747,4,Won,1,0,0.0,1.0,0.0,1,0.0
"2024-02-28 - STL 2, EDM 3",2024-02-28,STL,,0.3856793026672383,2,EDM,0.74,0.6143206973327616,3,Won,0,0,0.0,1.0,0.0,0,
"2024-02-29 - VGK 4, BOS 5",2024-02-29,VGK,0.43,0.4097105200011003,4,BOS,0.62,0.5902894799988996,5,Won,0,0,0.0,1.0,0.0,0,0.0
"2024-02-29 - CAR 4, CBJ 2",2024-02-29,CAR,0.74,0.4355681875149926,4,CBJ,0.31,0.5644318124850074,2,Lost,0,1,1.0,0.0,0.0,1,0.0
"2024-02-29 - NYI 5, DET 3",2024-02-29,NYI,0.51,0.4708848170843147,5,DET,0.53,0.5291151829156853,3,Lost,0,0,1.0,0.0,0.0,0,0.0
"2024-02-29 - MTL 3, FLA 4",2024-02-29,MTL,0.26,0.4095210642133938,3,FLA,0.78,0.5904789357866059,4,Won,1,0,0.0,1.0,0.0,1,0.0
"2024-02-29 - BUF 3, TB 2",2024-02-29,BUF,0.43,0.4818833310620697,3,TB,0.62,0.5181166689379302,2,Lost,1,0,1.0,0.0,1.0,1,2.3255813953488373
"2024-02-29 - ARI 2, TOR 4",2024-02-29,ARI,0.33,0.4269426271934757,2,TOR,0.71,0.5730573728065242,4,Won,1,0,0.0,1.0,0.0,1,0.0
"2024-02-29 - WPG 1, DAL 4",2024-02-29,WPG,0.47,0.4552554396673073,1,DAL,0.57,0.5447445603326927,4,Won,0,0,0.0,1.0,0.0,0,0.0
"2024-02-29 - MIN 1, NSH 6",2024-02-29,MIN,0.51,0.4233135918671344,1,NSH,0.53,0.5766864081328654,6,Won,0,1,0.0,1.0,1.0,1,1.8867924528301885
"2024-02-29 - COL 5, CHI 0",2024-02-29,COL,0.74,0.5055691613550641,5,CHI,0.31,0.4944308386449358,0,Lost,0,1,1.0,0.0,0.0,1,0.0
"2024-02-29 - PIT 0, SEA 2",2024-02-29,PIT,0.51,0.4629786049846709,0,SEA,0.53,0.5370213950153291,2,Won,0,1,0.0,1.0,1.0,1,1.8867924528301885
"2024-02-29 - LA 5, VAN 1",2024-02-29,LA,0.45,0.4720974191649545,5,VAN,0.59,0.5279025808350456,1,Lost,1,0,1.0,0.0,1.0,1,2.2222222222222223
"2024-02-29 - ANA 6, SJ 4",2024-02-29,ANA,0.57,0.4826326814273186,6,SJ,0.47,0.5173673185726816,4,Lost,0,1,1.0,0.0,0.0,1,0.0
"2024-03-01 - ARI 5, OTT 3",2024-03-01,ARI,0.38,0.4148379525891872,5,OTT,0.67,0.5851620474108127,3,Lost,1,0,1.0,0.0,1.0,1,2.6315789473684212
"2024-03-01 - PHI 2, WSH 5",2024-03-01,PHI,0.59,0.4814615168615943,2,WSH,0.45,0.5185384831384058,5,Won,0,1,0.0,1.0,1.0,1,2.2222222222222223
"2024-03-01 - NJ 3, ANA 4",2024-03-01,NJ,0.74,0.4910611548507586,3,ANA,0.31,0.5089388451492414,4,Won,0,1,0.0,1.0,1.0,1,3.2258064516129035
"2024-03-02 - WPG 5, CAR 3",2024-03-02,WPG,0.44,0.4255451725757805,5,CAR,0.6,0.5744548274242193,3,Lost,0,0,1.0,0.0,0.0,0,0.0
"2024-03-02 - BOS 1, NYI 5",2024-03-02,BOS,0.56,0.4516127253353098,1,NYI,0.49,0.5483872746646902,5,Won,0,1,0.0,1.0,1.0,1,2.0408163265306123
"2024-03-02 - EDM 2, SEA 1",2024-03-02,EDM,0.62,0.4628111432588487,2,SEA,0.43,0.5371888567411512,1,Lost,0,1,1.0,0.0,0.0,1,0.0
"2024-03-02 - COL 1, NSH 5",2024-03-02,COL,0.57,0.4377419969324931,1,NSH,0.47,0.5622580030675068,5,Won,0,1,0.0,1.0,1.0,1,2.127659574468085
"2024-03-02 - VGK 2, BUF 7",2024-03-02,VGK,0.56,0.4142856717364722,2,BUF,0.49,0.5857143282635278,7,Won,0,1,0.0,1.0,1.0,1,2.0408163265306123
"2024-03-02 - FLA 4, DET 0",2024-03-02,FLA,0.62,0.4609179628640658,4,DET,0.42,0.539082037135934,0,Lost,0,1,1.0,0.0,0.0,1,0.0
"2024-03-02 - OTT 2, PHI 4",2024-03-02,OTT,0.48,0.4513019167946731,2,PHI,0.56,0.5486980832053269,4,Won,0,0,0.0,1.0,0.0,0,0.0
"2024-03-02 - MTL 3, TB 4",2024-03-02,MTL,0.31,0.435365462184811,3,TB,0.74,0.5646345378151891,4,Won,1,0,0.0,1.0,0.0,1,0.0
"2024-03-02 - NYR 3, TOR 4",2024-03-02,NYR,0.49,0.4286135372121809,3,TOR,0.56,0.5713864627878191,4,Won,0,1,0.0,1.0,1.0,1,1.7857142857142856
"2024-03-02 - CBJ 5, CHI 2",2024-03-02,CBJ,0.57,0.5285085344293536,5,CHI,0.47,0.4714914655706466,2,Lost,0,1,1.0,0.0,0.0,1,0.0
"2024-03-02 - SJ 2, DAL 3",2024-03-02,SJ,0.21,0.4210886448752367,2,DAL,0.83,0.5789113551247634,3,Won,1,0,0.0,1.0,0.0,1,0.0
"2024-03-02 - MIN 1, STL 3",2024-03-02,MIN,0.56,0.4627609265576168,1,STL,,0.537239073442383,3,Won,0,0,0.0,1.0,0.0,0,
"2024-03-02 - PIT 3, CGY 4",2024-03-02,PIT,0.49,0.4581576347701184,3,CGY,0.56,0.5418423652298815,4,Won,0,0,0.0,1.0,0.0,0,0.0
"2024-03-03 - ARI 5, WSH 2",2024-03-03,ARI,0.47,0.4288326765400326,5,WSH,0.57,0.5711673234599675,2,Lost,0,1,1.0,0.0,0.0,1,0.0
"2024-03-03 - NJ 1, LA 5",2024-03-03,NJ,0.48,0.4498779748573852,1,LA,0.56,0.5501220251426151,5,Won,0,0,0.0,1.0,0.0,0,0.0
"2024-03-03 - WPG 5, BUF 2",2024-03-03,WPG,0.55,0.4163854591254484,5,BUF,0.5,0.5836145408745516,2,Lost,0,1,1.0,0.0,0.0,1,0.0
"2024-03-03 - SJ 3, MIN 4",2024-03-03,SJ,0.28,0.4297497159727984,3,MIN,0.78,0.5702502840272017,4,Won,1,0,0.0,1.0,0.0,1,0.0
"2024-03-03 - VAN 2, ANA 1",2024-03-03,VAN,0.71,0.5315037892425745,2,ANA,0.34,0.4684962107574255,1,Lost,0,1,1.0,0.0,0.0,1,0.0
"2024-03-03 - PIT 1, EDM 6",2024-03-03,PIT,0.39,0.4228478499552838,1,EDM,0.65,0.5771521500447161,6,Won,1,0,0.0,1.0,0.0,1,0.0
"2024-03-04 - VGK 3, CBJ 6",2024-03-04,VGK,0.65,0.4215862030059657,3,CBJ,0.39,0.5784137969940344,6,Won,0,1,0.0,1.0,1.0,1,2.564102564102564
"2024-03-04 - FLA 4, NYR 2",2024-03-04,FLA,0.56,0.4668760249844407,4,NYR,0.49,0.5331239750155593,2,Lost,0,1,1.0,0.0,0.0,1,0.0
"2024-03-04 - STL 2, PHI 1",2024-03-04,STL,,0.4129537055216314,2,PHI,0.59,0.5870462944783685,1,Lost,0,0,1.0,0.0,0.0,0,
"2024-03-04 - BOS 4, TOR 1",2024-03-04,BOS,0.48,0.4439999452894635,4,TOR,0.57,0.5560000547105364,1,Lost,0,0,1.0,0.0,0.0,0,0.0
"2024-03-04 - CHI 0, COL 5",2024-03-04,CHI,0.23,0.4376247438864576,0,COL,0.82,0.5623752561135422,5,Won,1,0,0.0,1.0,0.0,1,0.0
"2024-03-04 - SEA 4, CGY 2",2024-03-04,SEA,0.48,0.4524690368364554,4,CGY,0.56,0.5475309631635444,2,Lost,0,0,1.0,0.0,0.0,0,0.0
"2024-03-05 - EDM 2, BOS 1",2024-03-05,EDM,0.56,0.4883418275735696,2,BOS,0.48,0.5116581724264304,1,Lost,0,1,1.0,0.0,0.0,1,0.0
"2024-03-05 - FLA 5, NJ 3",2024-03-05,FLA,0.56,0.41345213844612,5,NJ,0.48,0.58654786155388,3,Lost,0,1,1.0,0.0,0.0,1,0.0
"2024-03-05 - CBJ 3, PIT 5",2024-03-05,CBJ,0.34,0.4300152001159527,3,PIT,0.71,0.5699847998840473,5,Won,1,0,0.0,1.0,0.0,1,0.0
"2024-03-05 - STL 2, NYI 4",2024-03-05,STL,,0.4131962939348836,2,NYI,0.65,0.5868037060651162,4,Won,0,0,0.0,1.0,0.0,0,
"2024-03-05 - MTL 4, NSH 3",2024-03-05,MTL,0.36,0.442717267697,4,NSH,0.69,0.557282732303,3,Lost,1,0,1.0,0.0,1.0,1,2.7777777777777777
"2024-03-05 - SEA 4, WPG 3",2024-03-05,SEA,0.41,0.4744416521225462,4,WPG,0.64,0.5255583478774537,3,Lost,1,0,1.0,0.0,1.0,1,2.4390243902439024
"2024-03-05 - CHI 5, ARI 2",2024-03-05,CHI,0.34,0.4510783748578967,5,ARI,0.71,0.5489216251421034,2,Lost,1,0,1.0,0.0,1.0,1,2.941176470588235
"2024-03-05 - VAN 2, LA 1",2024-03-05,VAN,0.52,0.4891622199344504,2,LA,0.52,0.5108377800655496,1,Lost,0,0,1.0,0.0,0.0,0,0.0
"2024-03-05 - DAL 7, SJ 6",2024-03-05,DAL,0.8,0.506267197570802,7,SJ,0.24,0.4937328024291978,6,Lost,0,1,1.0,0.0,0.0,1,0.0
"2024-03-06 - BUF 1, TOR 2",2024-03-06,BUF,0.39,0.5,1,TOR,0.65,0.5,2,Won,1,0,0.0,1.0,0.0,1,0.0
"2024-03-06 - DET 2, COL 7",2024-03-06,DET,0.38,0.4229625682193051,2,COL,0.67,0.5770374317806947,7,Won,1,0,0.0,1.0,0.0,1,0.0
"2024-03-06 - OTT 1, ANA 2",2024-03-06,OTT,0.61,0.5194719241348416,1,ANA,0.44,0.4805280758651585,2,Won,0,1,0.0,1.0,1.0,1,2.272727272727273
"2024-03-07 - TOR 1, BOS 4",2024-03-07,TOR,0.45,0.4896767112443643,1,BOS,0.59,0.5103232887556357,4,Won,1,0,0.0,1.0,0.0,1,0.0
"2024-03-07 - MTL 1, CAR 4",2024-03-07,MTL,0.3,0.4183310566692131,1,CAR,0.75,0.5816689433307867,4,Won,1,0,0.0,1.0,0.0,1,0.0
"2024-03-07 - EDM 2, CBJ 4",2024-03-07,EDM,0.74,0.4378691530055739,2,CBJ,0.31,0.562130846994426,4,Won,0,1,0.0,1.0,1.0,1,3.2258064516129035
"2024-03-07 - PHI 2, FLA 1",2024-03-07,PHI,0.35,0.4403818196197999,2,FLA,0.69,0.5596181803802001,1,Lost,1,0,1.0,0.0,1.0,1,2.857142857142857
"2024-03-07 - STL 1, NJ 4",2024-03-07,STL,,0.4158130760840726,1,NJ,0.64,0.5841869239159272,4,Won,0,0,0.0,1.0,0.0,0,
"2024-03-07 - WSH 6, PIT 0",2024-03-07,WSH,0.42,0.4614046363362939,6,PIT,0.62,0.5385953636637062,0,Lost,1,0,1.0,0.0,1.0,1,2.380952380952381
"2024-03-07 - CGY 6, TB 3",2024-03-07,CGY,0.44,0.4534122227868156,6,TB,0.6,0.5465877772131844,3,Lost,1,0,1.0,0.0,1.0,1,2.272727272727273
"2024-03-07 - BUF 2, NSH 4",2024-03-07,BUF,0.43,0.4583632530985927,2,NSH,0.62,0.5416367469014072,4,Won,1,0,0.0,1.0,0.0,1,0.0
"2024-03-07 - MIN 5, ARI 2",2024-03-07,MIN,0.59,0.4422995652477203,5,ARI,0.45,0.5577004347522796,2,Lost,0,1,1.0,0.0,0.0,1,0.0
"2024-03-07 - VAN 3, VGK 1",2024-03-07,VAN,0.51,0.5354421476331473,3,VGK,0.53,0.4645578523668527,1,Lost,1,0,1.0,0.0,1.0,1,1.9607843137254901
"2024-03-07 - OTT 3, LA 4",2024-03-07,OTT,0.4,0.4916799370724667,3,LA,0.65,0.5083200629275332,4,Won,1,0,0.0,1.0,0.0,1,0.0
"2024-03-07 - NYI 7, SJ 2",2024-03-07,NYI,0.74,0.5131224866311654,7,SJ,0.31,0.4868775133688345,2,Lost,0,1,1.0,0.0,0.0,1,0.0
"2024-03-08 - DET 0, ARI 4",2024-03-08,DET,0.57,0.4202923521089305,0,ARI,0.47,0.5797076478910695,4,Won,0,1,0.0,1.0,1.0,1,2.127659574468085
"2024-03-08 - MIN 1, COL 2",2024-03-08,MIN,0.35,0.4081460195129776,1,COL,0.69,0.5918539804870225,2,Won,1,0,0.0,1.0,0.0,1,0.0
"2024-03-08 - DAL 6, ANA 2",2024-03-08,DAL,0.75,0.5296422160025925,6,ANA,0.3,0.4703577839974076,2,Lost,0,1,1.0,0.0,0.0,1,0.0
"2024-03-08 - WPG 3, SEA 0",2024-03-08,WPG,0.56,0.4353901650178036,3,SEA,0.49,0.5646098349821963,0,Lost,0,1,1.0,0.0,0.0,1,0.0
"2024-03-09 - EDM 2, BUF 3",2024-03-09,EDM,0.65,0.4846235818730038,2,BUF,0.4,0.5153764181269961,3,Won,0,1,0.0,1.0,1.0,1,2.5
"2024-03-09 - NSH 2, CBJ 1",2024-03-09,NSH,0.64,0.4472232244540801,2,CBJ,0.41,0.5527767755459199,1,Lost,0,1,1.0,0.0,0.0,1,0.0
"2024-03-09 - CAR 4, NJ 2",2024-03-09,CAR,0.6,0.4124943865125219,4,NJ,0.44,0.587505613487478,2,Lost,0,1,1.0,0.0,0.0,1,0.0
"2024-03-09 - PIT 1, BOS 5",2024-03-09,PIT,0.38,0.5091087625619068,1,BOS,0.67,0.4908912374380931,5,Won,1,0,0.0,1.0,0.0,1,0.0
"2024-03-09 - CGY 1, FLA 5",2024-03-09,CGY,0.36,0.4180370568968681,1,FLA,0.69,0.5819629431031319,5,Won,1,0,0.0,1.0,0.0,1,0.0
"2024-03-09 - TOR 3, MTL 2",2024-03-09,TOR,0.67,0.5,3,MTL,0.38,0.5,2,Lost,0,1,1.0,0.0,0.0,1,0.0
"2024-03-09 - OTT 1, SJ 2",2024-03-09,OTT,0.69,0.5112766748862191,1,SJ,0.36,0.4887233251137808,2,Won,0,1,0.0,1.0,1.0,1,2.7777777777777777
"2024-03-09 - PHI 0, TB 7",2024-03-09,PHI,0.45,0.4644382774850463,0,TB,0.59,0.5355617225149537,7,Won,1,0,0.0,1.0,0.0,1,0.0
"2024-03-09 - CHI 1, WSH 4",2024-03-09,CHI,0.36,0.4399718046234338,1,WSH,0.69,0.5600281953765661,4,Won,1,0,0.0,1.0,0.0,1,0.0
"2024-03-09 - STL 0, NYR 4",2024-03-09,STL,,0.4817355632176316,0,NYR,0.69,0.5182644367823684,4,Won,0,0,0.0,1.0,0.0,0,
"2024-03-09 - WPG 0, VAN 5",2024-03-09,WPG,0.45,0.4386233865110084,0,VAN,0.59,0.5613766134889918,5,Won,0,0,0.0,1.0,0.0,0,0.0
"2024-03-09 - DET 3, VGK 5",2024-03-09,DET,0.38,0.4770759006595481,3,VGK,0.67,0.5229240993404517,5,Won,1,0,0.0,1.0,0.0,1,0.0
"2024-03-09 - DAL 4, LA 1",2024-03-09,DAL,0.52,0.4877269852273018,4,LA,0.52,0.5122730147726983,1,Lost,0,0,1.0,0.0,0.0,0,0.0
"2024-03-11 - STL 5, BOS 1",2024-03-11,STL,,0.4647435244694573,5,BOS,0.71,0.5352564755305428,1,Lost,0,0,1.0,0.0,0.0,0,
"2024-03-11 - NJ 1, NYR 3",2024-03-11,NJ,0.47,0.4743943798905869,1,NYR,0.57,0.5256056201094129,3,Won,1,0,0.0,1.0,0.0,1,0.0
"2024-03-11 - WSH 0, WPG 3",2024-03-11,WSH,0.36,0.4455422212530057,0,WPG,0.69,0.5544577787469941,3,Won,1,0,0.0,1.0,0.0,1,0.0
"2024-03-11 - NYI 0, LA 3",2024-03-11,NYI,0.45,0.4720525697875735,0,LA,0.59,0.5279474302124264,3,Won,1,0,0.0,1.0,0.0,1,0.0
"2024-03-12 - DET 3, BUF 7",2024-03-12,DET,0.49,0.4136450105422432,3,BUF,0.56,0.5863549894577568,7,Won,0,1,0.0,1.0,1.0,1,1.7857142857142856
"2024-03-12 - NYR 1, CAR 0",2024-03-12,NYR,0.42,0.4390338940951235,1,CAR,0.62,0.5609661059048765,0,Lost,1,0,1.0,0.0,1.0,1,2.380952380952381
"2024-03-12 - CBJ 0, MTL 3",2024-03-12,CBJ,0.5,0.4744531462586909,0,MTL,0.55,0.525546853741309,3,Won,0,0,0.0,1.0,0.0,0,0.0
"2024-03-12 - PIT 1, OTT 2",2024-03-12,PIT,0.53,0.4555477213340184,1,OTT,0.51,0.5444522786659814,2,Won,0,1,0.0,1.0,1.0,1,1.9607843137254901
"2024-03-12 - SJ 2, PHI 3",2024-03-12,SJ,0.28,0.4339847562206155,2,PHI,0.78,0.5660152437793845,3,Won,1,0,0.0,1.0,0.0,1,0.0
"2024-03-12 - FLA 4, DAL 3",2024-03-12,FLA,0.52,0.4578316303644373,4,DAL,0.52,0.5421683696355626,3,Lost,0,1,1.0,0.0,0.0,1,0.0
"2024-03-12 - ARI 1, MIN 4",2024-03-12,ARI,0.38,0.4790517791287744,1,MIN,0.67,0.5209482208712257,4,Won,1,0,0.0,1.0,0.0,1,0.0
"2024-03-12 - ANA 2, CHI 7",2024-03-12,ANA,0.51,0.4304192096129182,2,CHI,0.53,0.5695807903870819,7,Won,0,1,0.0,1.0,1.0,1,1.8867924528301885
"2024-03-12 - COL 6, CGY 2",2024-03-12,COL,0.64,0.469820347434729,6,CGY,0.41,0.5301796525652708,2,Lost,0,1,1.0,0.0,0.0,1,0.0
"2024-03-12 - VGK 5, SEA 4",2024-03-12,VGK,0.59,0.4276394651434991,5,SEA,0.45,0.5723605348565008,4,Lost,0,1,1.0,0.0,0.0,1,0.0
"2024-03-13 - LA 1, STL 3",2024-03-13,LA,0.61,0.5,1,STL,,0.5,3,Won,0,0,0.0,1.0,0.0,0,
"2024-03-13 - NSH 4, WPG 2",2024-03-13,NSH,0.43,0.4812952657640748,4,WPG,0.62,0.518704734235925,2,Lost,1,0,1.0,0.0,1.0,1,2.3255813953488373
"2024-03-13 - WSH 2, EDM 7",2024-03-13,WSH,0.29,0.388156866273178,2,EDM,0.75,0.6118431337268219,7,Won,1,0,0.0,1.0,0.0,1,0.0
"2024-03-13 - COL 4, VAN 3",2024-03-13,COL,0.51,0.458129308158173,4,VAN,0.53,0.5418706918418271,3,Lost,0,1,1.0,0.0,0.0,1,0.0
"2024-03-14 - NYI 0, BUF 4",2024-03-14,NYI,0.53,0.5257234384054076,0,BUF,0.51,0.4742765615945924,4,Won,0,0,0.0,1.0,0.0,0,0.0
"2024-03-14 - FLA 0, CAR 4",2024-03-14,FLA,0.5,0.4422313723177632,0,CAR,0.55,0.557768628,4,Won,0,1,0.0,1.0,1.0,1,1.8181818181818181
"2024-03-14 - OTT 3, CBJ 2",2024-03-14,OTT,0.56,0.4741656342345628,3,CBJ,0.49,0.5258343657654372,2,Lost,0,1,1.0,0.0,0.0,1,0.0
"2024-03-14 - ARI 4, DET 1",2024-03-14,ARI,0.43,0.5156434019241692,4,DET,0.62,0.484356598,1,Lost,1,0,1.0,0.0,1.0,1,2.3255813953488373
"2024-03-14 - BOS 2, MTL 1",2024-03-14,BOS,0.69,0.5111975835921584,2,MTL,0.36,0.4888024164078415,1,Lost,0,1,1.0,0.0,0.0,1,0.0
"2024-03-14 - TOR 6, PHI 2",2024-03-14,TOR,0.53,0.4639762713500309,6,PHI,0.51,0.5360237286499691,2,Lost,0,1,1.0,0.0,0.0,1,0.0
"2024-03-14 - SJ 3, PIT 6",2024-03-14,SJ,0.28,0.4407729810820924,3,PIT,0.78,0.5592270189179076,6,Won,1,0,0.0,1.0,0.0,1,0.0
"2024-03-14 - NYR 3, TB 6",2024-03-14,NYR,0.53,0.4529459518927899,3,TB,0.51,0.547054048,6,Won,0,1,0.0,1.0,1.0,1,1.9607843137254901
"2024-03-14 - NJ 6, DAL 2",2024-03-14,NJ,0.4,0.456841261424588,6,DAL,0.65,0.5431587385754119,2,Lost,1,0,1.0,0.0,1.0,1,2.5
"2024-03-14 - ANA 0, MIN 2",2024-03-14,ANA,0.31,0.4171383412075568,0,MIN,0.74,0.5828616587924431,2,Won,1,0,0.0,1.0,0.0,1,0.0
"2024-03-14 - VGK 1, CGY 4",2024-03-14,VGK,0.62,0.4309854057702504,1,CGY,0.42,0.5690145942297495,4,Won,0,1,0.0,1.0,1.0,1,2.380952380952381
"2024-03-14 - WSH 2, SEA 1",2024-03-14,WSH,0.41,0.4422109807409221,2,SEA,0.64,0.5577890192590778,1,Lost,1,0,1.0,0.0,1.0,1,2.4390243902439024
"2024-03-16 - BUF 1, DET 4",2024-03-16,BUF,0.56,0.5368749778286385,1,DET,0.49,0.4631250221713617,4,Won,0,0,0.0,1.0,0.0,0,0.0
"2024-03-16 - OTT 4, NYI 3",2024-03-16,OTT,0.42,0.4660004060835009,4,NYI,0.62,0.5339995939164991,3,Lost,1,0,1.0,0.0,1.0,1,2.380952380952381
"2024-03-16 - NYR 7, PIT 4",2024-03-16,NYR,0.59,0.4415768586802557,7,PIT,0.45,0.5584231413197442,4,Lost,0,1,1.0,0.0,0.0,1,0.0
"2024-03-16 - NJ 1, ARI 4",2024-03-16,NJ,0.62,0.4557040341649062,1,ARI,0.42,0.5442959658350939,4,Won,0,1,0.0,1.0,1.0,1,2.380952380952381
"2024-03-16 - TB 5, FLA 3",2024-03-16,TB,0.41,0.4341051034721888,5,FLA,0.64,0.5658948965278113,3,Lost,1,0,1.0,0.0,1.0,1,2.4390243902439024
"2024-03-16 - PHI 5, BOS 6",2024-03-16,PHI,0.38,0.518871080264103,5,BOS,0.67,0.4811289197358971,6,Won,1,0,0.0,1.0,0.0,1,0.0
"2024-03-16 - SJ 2, CBJ 4",2024-03-16,SJ,0.38,0.4466370123091291,2,CBJ,0.67,0.5533629876908709,4,Won,1,0,0.0,1.0,0.0,1,0.0
"2024-03-16 - MTL 2, CGY 5",2024-03-16,MTL,0.42,0.4375430384033638,2,CGY,0.62,0.5624569615966362,5,Won,1,0,0.0,1.0,0.0,1,0.0
"2024-03-16 - CAR 5, TOR 4",2024-03-16,CAR,0.56,0.477439081677444,5,TOR,0.48,0.5225609183225559,4,Lost,0,1,1.0,0.0,0.0,1,0.0
"2024-03-16 - LA 1, DAL 4",2024-03-16,LA,0.42,0.4308587154197058,1,DAL,0.62,0.5691412845802943,4,Won,1,0,0.0,1.0,0.0,1,0.0
"2024-03-16 - MIN 2, STL 3",2024-03-16,MIN,0.56,0.5249934103708764,2,STL,,0.4750065896291235,3,Won,0,0,0.0,1.0,0.0,0,
"2024-03-16 - COL 3, EDM 2",2024-03-16,COL,0.48,0.4406241532649192,3,EDM,0.56,0.5593758467350808,2,Lost,0,0,1.0,0.0,0.0,0,0.0
"2024-03-16 - NSH 4, SEA 1",2024-03-16,NSH,0.55,0.4875963232935475,4,SEA,0.5,0.5124036767064526,1,Lost,0,1,1.0,0.0,0.0,1,0.0
"2024-03-16 - WSH 2, VAN 1",2024-03-16,WSH,0.36,0.4332286022501926,2,VAN,0.69,0.5667713977498074,1,Lost,1,0,1.0,0.0,1.0,1,2.7777777777777777
"2024-03-17 - NYI 2, NYR 5",2024-03-17,NYI,0.43,0.4666296708054236,2,NYR,0.61,0.5333703291945764,5,Won,1,0,0.0,1.0,0.0,1,0.0
"2024-03-17 - NJ 1, VGK 3",2024-03-17,NJ,0.4,0.4774985452485436,1,VGK,0.65,0.5225014547514563,3,Won,1,0,0.0,1.0,0.0,1,0.0
"2024-03-17 - WPG 6, CBJ 1",2024-03-17,WPG,0.71,0.4634340064680436,6,CBJ,0.33,0.5365659935319562,1,Lost,0,1,1.0,0.0,0.0,1,0.0
"2024-03-17 - SJ 2, CHI 5",2024-03-17,SJ,0.42,0.4371230842597285,2,CHI,0.62,0.5628769157402713,5,Won,1,0,0.0,1.0,0.0,1,0.0
"2024-03-17 - CAR 7, OTT 2",2024-03-17,CAR,0.67,0.4422047378110265,7,OTT,0.38,0.5577952621889736,2,Lost,0,1,1.0,0.0,0.0,1,0.0
"2024-03-17 - DET 3, PIT 6",2024-03-17,DET,0.45,0.4146421457635989,3,PIT,0.59,0.5853578542364012,6,Won,0,0,0.0,1.0,0.0,0,0.0
"2024-03-17 - ANA 2, STL 4",2024-03-17,ANA,0.37,0.4432786627968087,2,STL,,0.5567213372031912,4,Won,1,0,0.0,1.0,0.0,1,
"2024-03-18 - WSH 5, CGY 2",2024-03-18,WSH,0.48,0.4590747797473579,5,CGY,0.56,0.540925220252642,2,Lost,0,0,1.0,0.0,0.0,0,0.0
"2024-03-18 - BUF 6, SEA 2",2024-03-18,BUF,0.5,0.5072548611512312,6,SEA,0.55,0.4927451388487687,2,Lost,1,0,1.0,0.0,1.0,1,2.0
