Game,GameInfo,Date_x,AwayTeam,AwayScore,HomeTeam,HomeScore,HomeResult,Date_y,Away Team,Away Team Odds,Away Team Decimal Odds,Away Team Implied Probability,Away Probability,Home Probability,Home Team Implied Probability,Home Team Decimal Odds,Home Team Odds,Home Team
"2023-12-11 - ARI 2, BUF 5","2023-12-11 - ARI, BUF",2023-12-11,ARI,2,BUF,5,Won,2023-12-11,ARI,105.0,2.05,0.49,0.460892698709446,0.5391073012905541,0.56,1.77,-130.0,BUF
"2023-12-11 - TOR 3, NYI 4","2023-12-11 - TOR, NYI",2023-12-11,TOR,3,NYI,4,Won,2023-12-11,TOR,-120.0,1.83,0.55,0.4801156229099461,0.5198843770900539,0.5,2.0,100.0,NYI
"2023-12-11 - DET 3, DAL 6","2023-12-11 - DET, DAL",2023-12-11,DET,3,DAL,6,Won,2023-12-11,DET,170.0,2.7,0.37,0.4426397759384406,0.5573602240615594,0.68,1.48,-210.0,DAL
"2023-12-11 - CGY 5, COL 6","2023-12-11 - CGY, COL",2023-12-11,CGY,5,COL,6,Won,2023-12-11,CGY,145.0,2.45,0.41,0.4922605584662656,0.5077394415337343,0.64,1.57,-175.0,COL
"2023-12-12 - TOR 7, NYR 3","2023-12-12 - TOR, NYR",2023-12-12,TOR,7,NYR,3,Lost,2023-12-12,TOR,145.0,2.45,0.41,0.4543855478551429,0.5456144521448572,0.64,1.57,-175.0,NYR
"2023-12-12 - CAR 4, OTT 1","2023-12-12 - CAR, OTT",2023-12-12,CAR,4,OTT,1,Lost,2023-12-12,CAR,-135.0,1.74,0.57,0.4498097650185487,0.5501902349814515,0.48,2.1,110.0,OTT
"2023-12-12 - ARI 2, PIT 4","2023-12-12 - ARI, PIT",2023-12-12,ARI,2,PIT,4,Won,2023-12-12,ARI,155.0,2.55,0.39,0.44295276033482,0.55704723966518,0.65,1.53,-190.0,PIT
"2023-12-12 - PHI 2, NSH 3","2023-12-12 - PHI, NSH",2023-12-12,PHI,2,NSH,3,Won,2023-12-12,PHI,110.0,2.1,0.48,0.4836823465461988,0.5163176534538011,0.57,1.74,-135.0,NSH
"2023-12-12 - DET 6, STL 4","2023-12-12 - DET, STL",2023-12-12,DET,6,STL,4,Lost,2023-12-12,DET,110.0,2.1,0.48,0.4376730162958333,0.5623269837041667,,,,STL
"2023-12-12 - CHI 1, EDM 4","2023-12-12 - CHI, EDM",2023-12-12,CHI,1,EDM,4,Won,2023-12-12,CHI,375.0,4.75,0.21,0.4372475882030522,0.5627524117969479,0.83,1.2,-500.0,EDM
"2023-12-12 - FLA 0, SEA 4","2023-12-12 - FLA, SEA",2023-12-12,FLA,0,SEA,4,Won,2023-12-12,FLA,-165.0,1.61,0.62,0.4615669819648509,0.538433018035149,0.42,2.4,140.0,SEA
"2023-12-12 - TB 1, VAN 4","2023-12-12 - TB, VAN",2023-12-12,TB,1,VAN,4,Won,2023-12-12,TB,110.0,2.1,0.48,0.4611373056172689,0.538862694382731,0.56,1.77,-130.0,VAN
"2023-12-12 - CGY 4, VGK 5","2023-12-12 - CGY, VGK",2023-12-12,CGY,4,VGK,5,Won,2023-12-12,CGY,155.0,2.55,0.39,0.4409872964825426,0.5590127035174574,0.65,1.53,-190.0,VGK
"2023-12-12 - WPG 1, SJ 2","2023-12-12 - WPG, SJ",2023-12-12,WPG,1,SJ,2,Won,2023-12-12,WPG,-225.0,1.44,0.69,0.5364057421549885,0.4635942578450116,0.36,2.8,180.0,SJ
"2023-12-13 - PIT 4, MTL 3","2023-12-13 - PIT, MTL",2023-12-13,PIT,4,MTL,3,Lost,2023-12-13,PIT,-150.0,1.67,0.6,0.5395358955102838,0.4604641044897162,0.44,2.25,125.0,MTL
"2023-12-13 - BOS 1, NJ 2","2023-12-13 - BOS, NJ",2023-12-13,BOS,1,NJ,2,Won,2023-12-13,BOS,100.0,2.0,0.5,0.4174117711873385,0.5825882288126615,0.55,1.83,-120.0,NJ
"2023-12-13 - ANA 3, NYI 4","2023-12-13 - ANA, NYI",2023-12-13,ANA,3,NYI,4,Won,2023-12-13,ANA,165.0,2.65,0.38,0.5182988714009698,0.4817011285990303,0.67,1.5,-200.0,NYI
"2023-12-13 - BUF 1, COL 5","2023-12-13 - BUF, COL",2023-12-13,BUF,1,COL,5,Won,2023-12-13,BUF,150.0,2.5,0.4,0.4483568902138381,0.5516431097861619,0.65,1.54,-185.0,COL
"2023-12-13 - WPG 5, LA 2","2023-12-13 - WPG, LA",2023-12-13,WPG,5,LA,2,Lost,2023-12-13,WPG,150.0,2.5,0.4,0.4505609950385402,0.5494390049614596,0.65,1.54,-185.0,LA
"2023-12-14 - CAR 2, DET 1","2023-12-14 - CAR, DET",2023-12-14,CAR,2,DET,1,Lost,2023-12-14,CAR,-175.0,1.57,0.64,0.5,0.5,0.41,2.45,145.0,DET
"2023-12-14 - CAR 2, DET 1","2023-12-14 - CAR, DET",2023-12-14,CAR,2,DET,1,Lost,2023-12-14,CAR,-175.0,1.57,0.64,0.5,0.5,0.41,2.45,145.0,DET
"2023-12-14 - WSH 3, PHI 4","2023-12-14 - WSH, PHI",2023-12-14,WSH,3,PHI,4,Won,2023-12-14,WSH,110.0,2.1,0.48,0.4474378766061307,0.5525621233938692,0.57,1.74,-135.0,PHI
"2023-12-14 - CBJ 6, TOR 5","2023-12-14 - CBJ, TOR",2023-12-14,CBJ,6,TOR,5,Lost,2023-12-14,CBJ,200.0,3.0,0.33,0.4320312432143494,0.5679687567856506,0.71,1.4,-250.0,TOR
"2023-12-14 - CGY 2, MIN 3","2023-12-14 - CGY, MIN",2023-12-14,CGY,2,MIN,3,Won,2023-12-14,CGY,120.0,2.2,0.45,0.4778236653414594,0.5221763346585405,0.59,1.69,-145.0,MIN
"2023-12-14 - OTT 2, STL 4","2023-12-14 - OTT, STL",2023-12-14,OTT,2,STL,4,Won,2023-12-14,OTT,-120.0,1.83,0.55,0.4572988514294346,0.5427011485705654,,,,STL
"2023-12-14 - OTT 2, STL 4","2023-12-14 - OTT, STL",2023-12-14,OTT,2,STL,4,Won,2023-12-14,OTT,170.0,2.7,0.37,0.4572988514294346,0.5427011485705654,,,,STL
"2023-12-14 - TB 7, EDM 4","2023-12-14 - TB, EDM",2023-12-14,TB,7,EDM,4,Lost,2023-12-14,TB,140.0,2.4,0.42,0.4332526046221667,0.5667473953778331,0.62,1.61,-165.0,EDM
"2023-12-14 - CHI 1, SEA 7","2023-12-14 - CHI, SEA",2023-12-14,CHI,1,SEA,7,Won,2023-12-14,CHI,195.0,2.95,0.34,0.4563091842856669,0.5436908157143329,0.71,1.4,-250.0,SEA
"2023-12-14 - FLA 0, VAN 4","2023-12-14 - FLA, VAN",2023-12-14,FLA,0,VAN,4,Won,2023-12-14,FLA,-125.0,1.8,0.56,0.5476747058129933,0.4523252941870068,0.49,2.05,105.0,VAN
"2023-12-15 - NSH 6, CAR 5","2023-12-15 - NSH, CAR",2023-12-15,NSH,6,CAR,5,Lost,2023-12-15,NSH,135.0,2.35,0.43,0.4325908333107476,0.5674091666892523,0.62,1.62,-160.0,CAR
"2023-12-15 - NSH 6, CAR 5","2023-12-15 - NSH, CAR",2023-12-15,NSH,6,CAR,5,Lost,2023-12-15,NSH,-130.0,1.77,0.56,0.4325908333107476,0.5674091666892523,0.62,1.62,-160.0,CAR
"2023-12-15 - ANA 1, NYR 5","2023-12-15 - ANA, NYR",2023-12-15,ANA,1,NYR,5,Won,2023-12-15,ANA,275.0,3.75,0.27,0.4455634193145337,0.5544365806854663,0.78,1.29,-350.0,NYR
"2023-12-15 - ANA 1, NYR 5","2023-12-15 - ANA, NYR",2023-12-15,ANA,1,NYR,5,Won,2023-12-15,ANA,275.0,3.75,0.27,0.4455634193145337,0.5544365806854663,0.49,2.05,105.0,NYR
"2023-12-15 - BOS 5, NYI 4","2023-12-15 - BOS, NYI",2023-12-15,BOS,5,NYI,4,Lost,2023-12-15,BOS,-125.0,1.8,0.56,0.5,0.5,0.49,2.05,105.0,NYI
"2023-12-15 - BOS 5, NYI 4","2023-12-15 - BOS, NYI",2023-12-15,BOS,5,NYI,4,Lost,2023-12-15,BOS,-125.0,1.8,0.56,0.5,0.5,0.58,1.71,-140.0,NYI
"2023-12-15 - BOS 5, NYI 4","2023-12-15 - BOS, NYI",2023-12-15,BOS,5,NYI,4,Lost,2023-12-15,BOS,-125.0,1.8,0.56,0.5,0.5,0.49,2.05,105.0,NYI
"2023-12-15 - BOS 5, NYI 4","2023-12-15 - BOS, NYI",2023-12-15,BOS,5,NYI,4,Lost,2023-12-15,BOS,-125.0,1.8,0.56,0.5,0.5,0.58,1.71,-140.0,NYI
"2023-12-15 - OTT 4, DAL 5","2023-12-15 - OTT, DAL",2023-12-15,OTT,4,DAL,5,Won,2023-12-15,OTT,170.0,2.7,0.37,0.4906085970916513,0.5093914029083486,0.68,1.48,-210.0,DAL
"2023-12-15 - OTT 4, DAL 5","2023-12-15 - OTT, DAL",2023-12-15,OTT,4,DAL,5,Won,2023-12-15,OTT,170.0,2.7,0.37,0.4906085970916513,0.5093914029083486,0.58,1.71,-140.0,DAL
"2023-12-15 - SJ 0, ARI 1","2023-12-15 - SJ, ARI",2023-12-15,SJ,0,ARI,1,Won,2023-12-15,SJ,165.0,2.65,0.38,0.4399421534218057,0.5600578465781941,0.67,1.5,-200.0,ARI
"2023-12-15 - SJ 0, ARI 1","2023-12-15 - SJ, ARI",2023-12-15,SJ,0,ARI,1,Won,2023-12-15,SJ,165.0,2.65,0.38,0.4399421534218057,0.5600578465781941,0.56,1.8,-125.0,ARI
"2023-12-15 - BUF 5, VGK 2","2023-12-15 - BUF, VGK",2023-12-15,BUF,5,VGK,2,Lost,2023-12-15,BUF,170.0,2.7,0.37,0.4177436576221097,0.5822563423778904,0.68,1.48,-210.0,VGK
"2023-12-15 - BUF 5, VGK 2","2023-12-15 - BUF, VGK",2023-12-15,BUF,5,VGK,2,Lost,2023-12-15,BUF,105.0,2.05,0.49,0.4177436576221097,0.5822563423778904,0.68,1.48,-210.0,VGK
"2023-12-18 - ANA 4, DET 3","2023-12-18 - ANA, DET",2023-12-18,ANA,4,DET,3,Lost,2023-12-18,ANA,200.0,3.0,0.33,0.5298439080360168,0.4701560919639832,0.71,1.4,-250.0,DET
"2023-12-18 - MIN 3, PIT 4","2023-12-18 - MIN, PIT",2023-12-18,MIN,3,PIT,4,Won,2023-12-18,MIN,-105.0,1.95,0.51,0.4883343224711872,0.5116656775288129,0.53,1.87,-115.0,PIT
"2023-12-18 - MIN 3, PIT 4","2023-12-18 - MIN, PIT",2023-12-18,MIN,3,PIT,4,Won,2023-12-18,MIN,155.0,2.55,0.39,0.4883343224711872,0.5116656775288129,0.53,1.87,-115.0,PIT
"2023-12-18 - MTL 3, WPG 2","2023-12-18 - MTL, WPG",2023-12-18,MTL,3,WPG,2,Lost,2023-12-18,MTL,200.0,3.0,0.33,0.4623425895394137,0.5376574104605863,0.71,1.4,-250.0,WPG
"2023-12-18 - SEA 3, DAL 4","2023-12-18 - SEA, DAL",2023-12-18,SEA,3,DAL,4,Won,2023-12-18,SEA,155.0,2.55,0.39,0.5333803762525978,0.4666196237474018,0.65,1.53,-190.0,DAL
"2023-12-18 - FLA 1, CGY 3","2023-12-18 - FLA, CGY",2023-12-18,FLA,1,CGY,3,Won,2023-12-18,FLA,-125.0,1.8,0.56,0.4829068061118459,0.5170931938881541,0.49,2.05,105.0,CGY
"2023-12-19 - MIN 4, BOS 3","2023-12-19 - MIN, BOS",2023-12-19,MIN,4,BOS,3,Lost,2023-12-19,MIN,170.0,2.7,0.37,0.4781356780463655,0.5218643219536345,0.68,1.48,-210.0,BOS
"2023-12-19 - CBJ 9, BUF 4","2023-12-19 - CBJ, BUF",2023-12-19,CBJ,9,BUF,4,Lost,2023-12-19,CBJ,155.0,2.55,0.39,0.4027880600844634,0.5972119399155366,0.65,1.53,-190.0,BUF
"2023-12-19 - VGK 3, CAR 6","2023-12-19 - VGK, CAR",2023-12-19,VGK,3,CAR,6,Won,2023-12-19,VGK,110.0,2.1,0.48,0.4441076867086926,0.5558923132913075,0.57,1.74,-135.0,CAR
"2023-12-19 - PHI 3, NJ 2","2023-12-19 - PHI, NJ",2023-12-19,PHI,3,NJ,2,Lost,2023-12-19,PHI,140.0,2.4,0.42,0.4664764038478506,0.5335235961521493,0.62,1.61,-165.0,NJ
"2023-12-19 - STL 1, TB 6","2023-12-19 - STL, TB",2023-12-19,STL,1,TB,6,Won,2023-12-19,STL,,,,0.4486061243380075,0.5513938756619925,0.64,1.57,-175.0,TB
"2023-12-19 - NYR 5, TOR 2","2023-12-19 - NYR, TOR",2023-12-19,NYR,5,TOR,2,Lost,2023-12-19,NYR,-115.0,1.87,0.53,0.4690099482534431,0.5309900517465569,0.51,1.95,-105.0,TOR
"2023-12-19 - EDM 1, NYI 3","2023-12-19 - EDM, NYI",2023-12-19,EDM,1,NYI,3,Won,2023-12-19,EDM,-150.0,1.67,0.6,0.4894407726985008,0.5105592273014992,0.44,2.25,125.0,NYI
"2023-12-19 - VAN 5, NSH 2","2023-12-19 - VAN, NSH",2023-12-19,VAN,5,NSH,2,Lost,2023-12-19,VAN,105.0,2.05,0.49,0.4549232967104327,0.5450767032895671,0.56,1.8,-125.0,NSH
"2023-12-19 - COL 2, CHI 3","2023-12-19 - COL, CHI",2023-12-19,COL,2,CHI,3,Won,2023-12-19,COL,-225.0,1.44,0.69,0.5141810244548424,0.4858189755451575,0.35,2.85,185.0,CHI
"2023-12-19 - OTT 3, ARI 4","2023-12-19 - OTT, ARI",2023-12-19,OTT,3,ARI,4,Won,2023-12-19,OTT,-125.0,1.8,0.56,0.4889858594780162,0.5110141405219837,0.49,2.05,105.0,ARI
"2023-12-19 - LA 4, SJ 1","2023-12-19 - LA, SJ",2023-12-19,LA,4,SJ,1,Lost,2023-12-19,LA,-250.0,1.4,0.71,0.5158567853315439,0.4841432146684561,0.33,3.0,200.0,SJ
"2023-12-20 - DET 2, WPG 5","2023-12-20 - DET, WPG",2023-12-20,DET,2,WPG,5,Won,2023-12-20,DET,125.0,2.25,0.44,0.4229180281292717,0.5770819718707284,0.61,1.65,-155.0,WPG
"2023-12-20 - NYI 2, WSH 3","2023-12-20 - NYI, WSH",2023-12-20,NYI,2,WSH,3,Won,2023-12-20,NYI,105.0,2.05,0.49,0.42595025126581,0.57404974873419,0.56,1.8,-125.0,WSH
"2023-12-20 - SEA 2, LA 1","2023-12-20 - SEA, LA",2023-12-20,SEA,2,LA,1,Lost,2023-12-20,SEA,140.0,2.4,0.42,0.4718290387928753,0.5281709612071247,0.62,1.61,-165.0,LA
"2023-12-21 - TOR 3, BUF 9","2023-12-21 - TOR, BUF",2023-12-21,TOR,3,BUF,9,Won,2023-12-21,TOR,-145.0,1.69,0.59,0.466010036921036,0.533989963078964,0.45,2.2,120.0,BUF
"2023-12-21 - WSH 3, CBJ 2","2023-12-21 - WSH, CBJ",2023-12-21,WSH,3,CBJ,2,Lost,2023-12-21,WSH,-115.0,1.87,0.53,0.5462683853280944,0.4537316146719055,0.51,1.95,-105.0,CBJ
"2023-12-21 - STL 4, FLA 1","2023-12-21 - STL, FLA",2023-12-21,STL,4,FLA,1,Lost,2023-12-21,STL,,,,0.423717440883559,0.576282559116441,0.68,1.48,-210.0,FLA
"2023-12-21 - EDM 6, NJ 3","2023-12-21 - EDM, NJ",2023-12-21,EDM,6,NJ,3,Lost,2023-12-21,EDM,-110.0,1.91,0.52,0.4675951610306291,0.532404838969371,0.52,1.91,-110.0,NJ
"2023-12-21 - NSH 4, PHI 2","2023-12-21 - NSH, PHI",2023-12-21,NSH,4,PHI,2,Lost,2023-12-21,NSH,-105.0,1.95,0.51,0.4883928125769953,0.5116071874230046,0.53,1.87,-115.0,PHI
"2023-12-21 - CAR 1, PIT 2","2023-12-21 - CAR, PIT",2023-12-21,CAR,1,PIT,2,Won,2023-12-21,CAR,-135.0,1.74,0.57,0.4882498728187885,0.5117501271812115,0.48,2.1,110.0,PIT
"2023-12-21 - VGK 4, TB 5","2023-12-21 - VGK, TB",2023-12-21,VGK,4,TB,5,Won,2023-12-21,VGK,-105.0,1.95,0.51,0.4538370005410032,0.5461629994589969,0.53,1.87,-115.0,TB
"2023-12-21 - VAN 3, DAL 4","2023-12-21 - VAN, DAL",2023-12-21,VAN,3,DAL,4,Won,2023-12-21,VAN,125.0,2.25,0.44,0.4855550207691096,0.5144449792308903,0.61,1.65,-155.0,DAL
"2023-12-21 - MTL 3, MIN 4","2023-12-21 - MTL, MIN",2023-12-21,MTL,3,MIN,4,Won,2023-12-21,MTL,150.0,2.5,0.4,0.4426695303706268,0.5573304696293732,0.65,1.54,-185.0,MIN
"2023-12-21 - OTT 4, COL 6","2023-12-21 - OTT, COL",2023-12-21,OTT,4,COL,6,Won,2023-12-21,OTT,145.0,2.45,0.41,0.4242552220119744,0.5757447779880255,0.64,1.57,-175.0,COL
"2023-12-21 - CGY 3, ANA 0","2023-12-21 - CGY, ANA",2023-12-21,CGY,3,ANA,0,Lost,2023-12-21,CGY,-175.0,1.57,0.64,0.5,0.5,0.41,2.45,145.0,ANA
"2023-12-21 - ARI 5, SJ 2","2023-12-21 - ARI, SJ",2023-12-21,ARI,5,SJ,2,Lost,2023-12-21,ARI,-155.0,1.65,0.61,0.547113777172513,0.4528862228274869,0.44,2.25,125.0,SJ
"2023-12-22 - PHI 6, DET 7","2023-12-22 - PHI, DET",2023-12-22,PHI,6,DET,7,Won,2023-12-22,PHI,115.0,2.15,0.47,0.492489502249378,0.507510497750622,0.57,1.74,-135.0,DET
"2023-12-22 - EDM 4, NYR 3","2023-12-22 - EDM, NYR",2023-12-22,EDM,4,NYR,3,Lost,2023-12-22,EDM,115.0,2.15,0.47,0.455887044470344,0.544112955529656,0.58,1.71,-140.0,NYR
"2023-12-22 - BOS 1, WPG 5","2023-12-22 - BOS, WPG",2023-12-22,BOS,1,WPG,5,Won,2023-12-22,BOS,-125.0,1.8,0.56,0.4571909072587764,0.5428090927412235,0.49,2.05,105.0,WPG
"2023-12-22 - MTL 5, CHI 2","2023-12-22 - MTL, CHI",2023-12-22,MTL,5,CHI,2,Lost,2023-12-22,MTL,-105.0,1.95,0.51,0.5138073165025431,0.4861926834974568,0.53,1.87,-115.0,CHI
"2023-12-23 - VGK 2, FLA 4","2023-12-23 - VGK, FLA",2023-12-23,VGK,2,FLA,4,Won,2023-12-23,VGK,115.0,2.15,0.47,0.4288468068631209,0.5711531931368791,0.57,1.74,-135.0,FLA
"2023-12-23 - DAL 3, NSH 2","2023-12-23 - DAL, NSH",2023-12-23,DAL,3,NSH,2,Lost,2023-12-23,DAL,-130.0,1.77,0.56,0.4673323828420328,0.5326676171579671,0.48,2.1,110.0,NSH
"2023-12-23 - NYI 5, CAR 4","2023-12-23 - NYI, CAR",2023-12-23,NYI,5,CAR,4,Lost,2023-12-23,NYI,145.0,2.45,0.41,0.426564696651303,0.5734353033486971,0.64,1.57,-175.0,CAR
"2023-12-23 - TOR 4, CBJ 1","2023-12-23 - TOR, CBJ",2023-12-23,TOR,4,CBJ,1,Lost,2023-12-23,TOR,-225.0,1.44,0.69,0.4921306259531357,0.5078693740468642,0.36,2.8,180.0,CBJ
"2023-12-23 - BOS 2, MIN 3","2023-12-23 - BOS, MIN",2023-12-23,BOS,2,MIN,3,Won,2023-12-23,BOS,-130.0,1.77,0.56,0.4493818457389628,0.5506181542610371,0.48,2.1,110.0,MIN
"2023-12-23 - DET 2, NJ 3","2023-12-23 - DET, NJ",2023-12-23,DET,2,NJ,3,Won,2023-12-23,DET,155.0,2.55,0.39,0.4008923777692055,0.5991076222307944,0.65,1.53,-190.0,NJ
"2023-12-23 - PIT 4, OTT 5","2023-12-23 - PIT, OTT",2023-12-23,PIT,4,OTT,5,Won,2023-12-23,PIT,-105.0,1.95,0.51,0.4592421013514282,0.5407578986485718,0.53,1.87,-115.0,OTT
"2023-12-23 - TB 2, WSH 1","2023-12-23 - TB, WSH",2023-12-23,TB,2,WSH,1,Lost,2023-12-23,TB,-145.0,1.69,0.59,0.4724914873793099,0.52750851262069,0.45,2.2,120.0,WSH
"2023-12-23 - BUF 3, NYR 4","2023-12-23 - BUF, NYR",2023-12-23,BUF,3,NYR,4,Won,2023-12-23,BUF,145.0,2.45,0.41,0.4347985308807521,0.5652014691192481,0.64,1.57,-175.0,NYR
"2023-12-23 - SEA 3, ANA 2","2023-12-23 - SEA, ANA",2023-12-23,SEA,3,ANA,2,Lost,2023-12-23,SEA,-140.0,1.71,0.58,0.5250468771568104,0.4749531228431896,0.45,2.2,120.0,ANA
"2023-12-23 - CHI 5, STL 7","2023-12-23 - CHI, STL",2023-12-23,CHI,5,STL,7,Won,2023-12-23,CHI,220.0,3.2,0.31,0.4308979817725822,0.5691020182274179,,,,STL
"2023-12-23 - ARI 1, COL 4","2023-12-23 - ARI, COL",2023-12-23,ARI,1,COL,4,Won,2023-12-23,ARI,180.0,2.8,0.36,0.436357142154115,0.5636428578458847,0.69,1.44,-225.0,COL
"2023-12-23 - CGY 3, LA 5","2023-12-23 - CGY, LA",2023-12-23,CGY,3,LA,5,Won,2023-12-23,CGY,130.0,2.3,0.43,0.442473418380841,0.5575265816191589,0.61,1.65,-155.0,LA
"2023-12-23 - SJ 4, VAN 7","2023-12-23 - SJ, VAN",2023-12-23,SJ,4,VAN,7,Won,2023-12-23,SJ,240.0,3.4,0.29,0.4056870324730091,0.5943129675269909,0.75,1.33,-300.0,VAN
"2023-12-27 - CBJ 3, NJ 4","2023-12-27 - CBJ, NJ",2023-12-27,CBJ,3,NJ,4,Won,2023-12-27,CBJ,200.0,3.0,0.33,0.3728144661093753,0.6271855338906246,0.71,1.4,-250.0,NJ
"2023-12-27 - WSH 1, NYR 5","2023-12-27 - WSH, NYR",2023-12-27,WSH,1,NYR,5,Won,2023-12-27,WSH,180.0,2.8,0.36,0.4586224351524176,0.5413775648475825,0.69,1.44,-225.0,NYR
"2023-12-27 - FLA 3, TB 2","2023-12-27 - FLA, TB",2023-12-27,FLA,3,TB,2,Lost,2023-12-27,FLA,-110.0,1.91,0.52,0.5126523002431295,0.4873476997568706,0.52,1.91,-110.0,TB
"2023-12-27 - OTT 4, TOR 2","2023-12-27 - OTT, TOR",2023-12-27,OTT,4,TOR,2,Lost,2023-12-27,OTT,140.0,2.4,0.42,0.4247536224964812,0.5752463775035186,0.62,1.61,-165.0,TOR
"2023-12-27 - BOS 4, BUF 1","2023-12-27 - BOS, BUF",2023-12-27,BOS,4,BUF,1,Lost,2023-12-27,BOS,-155.0,1.65,0.61,0.470572987952382,0.529427012047618,0.43,2.3,130.0,BUF
"2023-12-27 - PIT 7, NYI 0","2023-12-27 - PIT, NYI",2023-12-27,PIT,7,NYI,0,Lost,2023-12-27,PIT,100.0,2.0,0.5,0.5287623657531184,0.4712376342468815,0.55,1.83,-120.0,NYI
"2023-12-27 - DET 3, MIN 6","2023-12-27 - DET, MIN",2023-12-27,DET,3,MIN,6,Won,2023-12-27,DET,115.0,2.15,0.47,0.4367532431442467,0.5632467568557534,0.57,1.74,-135.0,MIN
"2023-12-27 - CAR 5, NSH 2","2023-12-27 - CAR, NSH",2023-12-27,CAR,5,NSH,2,Lost,2023-12-27,CAR,-140.0,1.71,0.58,0.5486492951542753,0.4513507048457247,0.47,2.15,115.0,NSH
"2023-12-27 - DAL 1, STL 2","2023-12-27 - DAL, STL",2023-12-27,DAL,1,STL,2,Won,2023-12-27,DAL,-165.0,1.61,0.62,0.4839516030283882,0.5160483969716118,,,,STL
"2023-12-27 - COL 4, ARI 5","2023-12-27 - COL, ARI",2023-12-27,COL,4,ARI,5,Won,2023-12-27,COL,-160.0,1.62,0.62,0.4798772547788047,0.5201227452211952,0.43,2.35,135.0,ARI
"2023-12-27 - WPG 1, CHI 2","2023-12-27 - WPG, CHI",2023-12-27,WPG,1,CHI,2,Won,2023-12-27,WPG,-225.0,1.44,0.69,0.5086023801370345,0.4913976198629654,0.36,2.8,180.0,CHI
"2023-12-27 - SEA 2, CGY 1","2023-12-27 - SEA, CGY",2023-12-27,SEA,2,CGY,1,Lost,2023-12-27,SEA,125.0,2.25,0.44,0.5,0.5,0.6,1.67,-150.0,CGY
"2023-12-27 - VGK 2, ANA 5","2023-12-27 - VGK, ANA",2023-12-27,VGK,2,ANA,5,Won,2023-12-27,VGK,-225.0,1.44,0.69,0.4734040236922208,0.5265959763077791,0.36,2.8,180.0,ANA
"2023-12-27 - SJ 1, LA 5","2023-12-27 - SJ, LA",2023-12-27,SJ,1,LA,5,Won,2023-12-27,SJ,275.0,3.75,0.27,0.4323282168290026,0.5676717831709975,0.78,1.29,-350.0,LA
"2023-12-28 - MTL 3, CAR 5","2023-12-28 - MTL, CAR",2023-12-28,MTL,3,CAR,5,Won,2023-12-28,MTL,220.0,3.2,0.31,0.4408113959431562,0.5591886040568437,0.74,1.36,-275.0,CAR
"2023-12-28 - PHI 4, VAN 1","2023-12-28 - PHI, VAN",2023-12-28,PHI,4,VAN,1,Lost,2023-12-28,PHI,135.0,2.35,0.43,0.4512748031803837,0.5487251968196163,0.62,1.62,-160.0,VAN
"2023-12-28 - LA 2, VGK 3","2023-12-28 - LA, VGK",2023-12-28,LA,2,VGK,3,Won,2023-12-28,LA,-110.0,1.91,0.52,0.438759759360959,0.561240240639041,0.52,1.91,-110.0,VGK
"2023-12-28 - EDM 5, SJ 0","2023-12-28 - EDM, SJ",2023-12-28,EDM,5,SJ,0,Lost,2023-12-28,EDM,-400.0,1.25,0.8,0.5136041617292254,0.4863958382707745,0.24,4.1,310.0,SJ
"2023-12-29 - TOR 5, CBJ 6","2023-12-29 - TOR, CBJ",2023-12-29,TOR,5,CBJ,6,Won,2023-12-29,TOR,-210.0,1.48,0.68,0.492205538058964,0.5077944619410361,0.37,2.7,170.0,CBJ
"2023-12-29 - TOR 5, CBJ 6","2023-12-29 - TOR, CBJ",2023-12-29,TOR,5,CBJ,6,Won,2023-12-29,TOR,-210.0,1.48,0.68,0.492205538058964,0.5077944619410361,0.38,2.65,165.0,CBJ
"2023-12-29 - TOR 5, CBJ 6","2023-12-29 - TOR, CBJ",2023-12-29,TOR,5,CBJ,6,Won,2023-12-29,TOR,-115.0,1.87,0.53,0.492205538058964,0.5077944619410361,0.37,2.7,170.0,CBJ
"2023-12-29 - TOR 5, CBJ 6","2023-12-29 - TOR, CBJ",2023-12-29,TOR,5,CBJ,6,Won,2023-12-29,TOR,-115.0,1.87,0.53,0.492205538058964,0.5077944619410361,0.38,2.65,165.0,CBJ
"2023-12-29 - NSH 4, DET 5","2023-12-29 - NSH, DET",2023-12-29,NSH,4,DET,5,Won,2023-12-29,NSH,-105.0,1.95,0.51,0.5233246202376759,0.4766753797623242,0.53,1.87,-115.0,DET
"2023-12-29 - NSH 4, DET 5","2023-12-29 - NSH, DET",2023-12-29,NSH,4,DET,5,Won,2023-12-29,NSH,-105.0,1.95,0.51,0.5233246202376759,0.4766753797623242,0.53,1.87,-115.0,DET
"2023-12-29 - NYR 3, FLA 4","2023-12-29 - NYR, FLA",2023-12-29,NYR,3,FLA,4,Won,2023-12-29,NYR,120.0,2.2,0.45,0.4432670223885603,0.5567329776114395,0.59,1.69,-145.0,FLA
"2023-12-29 - NYR 3, FLA 4","2023-12-29 - NYR, FLA",2023-12-29,NYR,3,FLA,4,Won,2023-12-29,NYR,120.0,2.2,0.45,0.4432670223885603,0.5567329776114395,0.71,1.4,-250.0,FLA
"2023-12-29 - NYR 3, FLA 4","2023-12-29 - NYR, FLA",2023-12-29,NYR,3,FLA,4,Won,2023-12-29,NYR,-105.0,1.95,0.51,0.4432670223885603,0.5567329776114395,0.59,1.69,-145.0,FLA
"2023-12-29 - NYR 3, FLA 4","2023-12-29 - NYR, FLA",2023-12-29,NYR,3,FLA,4,Won,2023-12-29,NYR,-105.0,1.95,0.51,0.4432670223885603,0.5567329776114395,0.71,1.4,-250.0,FLA
"2023-12-29 - NJ 6, OTT 2","2023-12-29 - NJ, OTT",2023-12-29,NJ,6,OTT,2,Lost,2023-12-29,NJ,-115.0,1.87,0.53,0.4768800982086595,0.5231199017913404,0.51,1.95,-105.0,OTT
"2023-12-29 - NJ 6, OTT 2","2023-12-29 - NJ, OTT",2023-12-29,NJ,6,OTT,2,Lost,2023-12-29,NJ,135.0,2.35,0.43,0.4768800982086595,0.5231199017913404,0.51,1.95,-105.0,OTT
"2023-12-29 - WSH 1, NYI 5","2023-12-29 - WSH, NYI",2023-12-29,WSH,1,NYI,5,Won,2023-12-29,WSH,130.0,2.3,0.43,0.5324711269878849,0.4675288730121149,0.61,1.65,-155.0,NYI
"2023-12-29 - WSH 1, NYI 5","2023-12-29 - WSH, NYI",2023-12-29,WSH,1,NYI,5,Won,2023-12-29,WSH,-115.0,1.87,0.53,0.5324711269878849,0.4675288730121149,0.61,1.65,-155.0,NYI
"2023-12-29 - CHI 4, DAL 5","2023-12-29 - CHI, DAL",2023-12-29,CHI,4,DAL,5,Won,2023-12-29,CHI,310.0,4.1,0.24,0.4184555645312424,0.5815444354687576,0.8,1.25,-400.0,DAL
"2023-12-29 - COL 2, STL 1","2023-12-29 - COL, STL",2023-12-29,COL,2,STL,1,Lost,2023-12-29,COL,-165.0,1.61,0.62,0.4887707268124769,0.5112292731875231,,,,STL
"2023-12-29 - ARI 2, ANA 0","2023-12-29 - ARI, ANA",2023-12-29,ARI,2,ANA,0,Lost,2023-12-29,ARI,-130.0,1.77,0.56,0.525913234775164,0.4740867652248359,0.48,2.1,110.0,ANA
"2023-12-29 - PHI 1, SEA 2","2023-12-29 - PHI, SEA",2023-12-29,PHI,1,SEA,2,Won,2023-12-29,PHI,115.0,2.15,0.47,0.4723140415795014,0.5276859584204986,0.57,1.74,-135.0,SEA
"2023-12-30 - MIN 2, WPG 4","2023-12-30 - MIN, WPG",2023-12-30,MIN,2,WPG,4,Won,2023-12-30,MIN,120.0,2.2,0.45,0.4414900089066569,0.558509991093343,0.59,1.69,-145.0,WPG
"2023-12-30 - CBJ 2, BUF 3","2023-12-30 - CBJ, BUF",2023-12-30,CBJ,2,BUF,3,Won,2023-12-30,CBJ,165.0,2.65,0.38,0.4155792439935645,0.5844207560064355,0.67,1.5,-200.0,BUF
"2023-12-30 - NJ 2, BOS 5","2023-12-30 - NJ, BOS",2023-12-30,NJ,2,BOS,5,Won,2023-12-30,NJ,130.0,2.3,0.43,0.5557194821066259,0.4442805178933739,0.61,1.65,-155.0,BOS
"2023-12-30 - MTL 1, FLA 4","2023-12-30 - MTL, FLA",2023-12-30,MTL,1,FLA,4,Won,2023-12-30,MTL,200.0,3.0,0.33,0.4225365861339946,0.5774634138660055,0.71,1.4,-250.0,FLA
"2023-12-30 - STL 2, PIT 4","2023-12-30 - STL, PIT",2023-12-30,STL,2,PIT,4,Won,2023-12-30,STL,,,,0.4794240656042153,0.5205759343957848,0.67,1.5,-200.0,PIT
"2023-12-30 - NYR 5, TB 1","2023-12-30 - NYR, TB",2023-12-30,NYR,5,TB,1,Lost,2023-12-30,NYR,-105.0,1.95,0.51,0.477465671021602,0.522534328978398,0.53,1.87,-115.0,TB
"2023-12-30 - CAR 3, TOR 2","2023-12-30 - CAR, TOR",2023-12-30,CAR,3,TOR,2,Lost,2023-12-30,CAR,-125.0,1.8,0.56,0.4202110733905166,0.5797889266094832,0.49,2.05,105.0,TOR
"2023-12-30 - NSH 3, WSH 2","2023-12-30 - NSH, WSH",2023-12-30,NSH,3,WSH,2,Lost,2023-12-30,NSH,-110.0,1.91,0.52,0.4830474095295153,0.5169525904704848,0.52,1.91,-110.0,WSH
"2023-12-30 - EDM 3, LA 2","2023-12-30 - EDM, LA",2023-12-30,EDM,3,LA,2,Lost,2023-12-30,EDM,100.0,2.0,0.5,0.4297039787504536,0.5702960212495465,0.55,1.83,-120.0,LA
"2024-01-02 - BOS 4, CBJ 1","2024-01-02 - BOS, CBJ",2024-01-02,BOS,4,CBJ,1,Lost,2024-01-02,BOS,-225.0,1.44,0.69,0.5284844198641624,0.4715155801358376,0.35,2.85,185.0,CBJ
"2024-01-02 - CAR 6, NYR 1","2024-01-02 - CAR, NYR",2024-01-02,CAR,6,NYR,1,Lost,2024-01-02,CAR,110.0,2.1,0.48,0.4644981361246028,0.5355018638753972,0.56,1.77,-130.0,NYR
"2024-01-02 - WSH 4, PIT 3","2024-01-02 - WSH, PIT",2024-01-02,WSH,4,PIT,3,Lost,2024-01-02,WSH,150.0,2.5,0.4,0.4499708170524283,0.5500291829475717,0.65,1.54,-185.0,PIT
"2024-01-02 - WSH 4, PIT 3","2024-01-02 - WSH, PIT",2024-01-02,WSH,4,PIT,3,Lost,2024-01-02,WSH,135.0,2.35,0.43,0.4499708170524283,0.5500291829475717,0.65,1.54,-185.0,PIT
"2024-01-02 - MTL 4, DAL 3","2024-01-02 - MTL, DAL",2024-01-02,MTL,4,DAL,3,Lost,2024-01-02,MTL,240.0,3.4,0.29,0.4355458522804698,0.5644541477195301,0.75,1.33,-300.0,DAL
"2024-01-02 - CGY 3, MIN 1","2024-01-02 - CGY, MIN",2024-01-02,CGY,3,MIN,1,Lost,2024-01-02,CGY,-115.0,1.87,0.53,0.4478968950141439,0.552103104985856,0.51,1.95,-105.0,MIN
"2024-01-02 - CHI 0, NSH 3","2024-01-02 - CHI, NSH",2024-01-02,CHI,0,NSH,3,Won,2024-01-02,CHI,240.0,3.4,0.29,0.4251626951439262,0.5748373048560739,0.75,1.33,-300.0,NSH
"2024-01-02 - TB 2, WPG 4","2024-01-02 - TB, WPG",2024-01-02,TB,2,WPG,4,Won,2024-01-02,TB,115.0,2.15,0.47,0.4038476940572345,0.5961523059427656,0.57,1.74,-135.0,WPG
"2024-01-02 - FLA 4, ARI 1","2024-01-02 - FLA, ARI",2024-01-02,FLA,4,ARI,1,Lost,2024-01-02,FLA,-175.0,1.57,0.64,0.5409259139590288,0.4590740860409713,0.41,2.45,145.0,ARI
"2024-01-02 - NYI 4, COL 5","2024-01-02 - NYI, COL",2024-01-02,NYI,4,COL,5,Won,2024-01-02,NYI,150.0,2.5,0.4,0.3970341187628129,0.6029658812371871,0.65,1.54,-185.0,COL
"2024-01-02 - PHI 2, EDM 5","2024-01-02 - PHI, EDM",2024-01-02,PHI,2,EDM,5,Won,2024-01-02,PHI,150.0,2.5,0.4,0.4136515659038671,0.5863484340961329,0.65,1.54,-185.0,EDM
"2024-01-02 - OTT 3, VAN 6","2024-01-02 - OTT, VAN",2024-01-02,OTT,3,VAN,6,Won,2024-01-02,OTT,120.0,2.2,0.45,0.4093913702041089,0.5906086297958911,0.59,1.69,-145.0,VAN
"2024-01-02 - TOR 3, LA 0","2024-01-02 - TOR, LA",2024-01-02,TOR,3,LA,0,Lost,2024-01-02,TOR,110.0,2.1,0.48,0.4347632387467048,0.5652367612532953,0.56,1.77,-130.0,LA
"2024-01-02 - TOR 3, LA 0","2024-01-02 - TOR, LA",2024-01-02,TOR,3,LA,0,Lost,2024-01-02,TOR,-190.0,1.53,0.65,0.4347632387467048,0.5652367612532953,0.56,1.77,-130.0,LA
"2024-01-02 - DET 5, SJ 3","2024-01-02 - DET, SJ",2024-01-02,DET,5,SJ,3,Lost,2024-01-02,DET,-185.0,1.54,0.65,0.5070831318242636,0.4929168681757364,0.4,2.5,150.0,SJ
"2024-01-03 - NJ 6, WSH 3","2024-01-03 - NJ, WSH",2024-01-03,NJ,6,WSH,3,Lost,2024-01-03,NJ,-175.0,1.57,0.64,0.5682837974007164,0.4317162025992835,0.41,2.45,145.0,WSH
"2024-01-03 - TOR 2, ANA 1","2024-01-03 - TOR, ANA",2024-01-03,TOR,2,ANA,1,Lost,2024-01-03,TOR,-200.0,1.5,0.67,0.4791693536982281,0.520830646301772,0.38,2.65,165.0,ANA
"2024-01-04 - PIT 6, BOS 5","2024-01-04 - PIT, BOS",2024-01-04,PIT,6,BOS,5,Lost,2024-01-04,PIT,120.0,2.2,0.45,0.5118391895536231,0.4881608104463769,0.59,1.69,-145.0,BOS
"2024-01-04 - BUF 6, MTL 1","2024-01-04 - BUF, MTL",2024-01-04,BUF,6,MTL,1,Lost,2024-01-04,BUF,-150.0,1.67,0.6,0.4794667283911031,0.5205332716088968,0.44,2.25,125.0,MTL
"2024-01-04 - CHI 1, NYR 4","2024-01-04 - CHI, NYR",2024-01-04,CHI,1,NYR,4,Won,2024-01-04,CHI,350.0,4.5,0.22,0.4194809964966364,0.5805190035033637,0.82,1.22,-450.0,NYR
"2024-01-04 - CHI 1, NYR 4","2024-01-04 - CHI, NYR",2024-01-04,CHI,1,NYR,4,Won,2024-01-04,CHI,310.0,4.1,0.24,0.4194809964966364,0.5805190035033637,0.82,1.22,-450.0,NYR
"2024-01-04 - CBJ 3, PHI 2","2024-01-04 - CBJ, PHI",2024-01-04,CBJ,3,PHI,2,Lost,2024-01-04,CBJ,155.0,2.55,0.39,0.4105075906843634,0.5894924093156365,0.65,1.53,-190.0,PHI
"2024-01-04 - COL 5, DAL 4","2024-01-04 - COL, DAL",2024-01-04,COL,5,DAL,4,Lost,2024-01-04,COL,105.0,2.05,0.49,0.4311679127603582,0.5688320872396415,0.56,1.8,-125.0,DAL
"2024-01-04 - TB 4, MIN 1","2024-01-04 - TB, MIN",2024-01-04,TB,4,MIN,1,Lost,2024-01-04,TB,-130.0,1.77,0.56,0.4383924735448314,0.5616075264551685,0.48,2.1,110.0,MIN
"2024-01-04 - CGY 6, NSH 3","2024-01-04 - CGY, NSH",2024-01-04,CGY,6,NSH,3,Lost,2024-01-04,CGY,100.0,2.0,0.5,0.4442113437901088,0.5557886562098912,0.55,1.83,-120.0,NSH
"2024-01-04 - VAN 1, STL 2","2024-01-04 - VAN, STL",2024-01-04,VAN,1,STL,2,Won,2024-01-04,VAN,-150.0,1.67,0.6,0.4633899365712126,0.5366100634287875,,,,STL
"2024-01-04 - NYI 5, ARI 1","2024-01-04 - NYI, ARI",2024-01-04,NYI,5,ARI,1,Lost,2024-01-04,NYI,-115.0,1.87,0.53,0.3851836412701117,0.6148163587298884,0.51,1.95,-105.0,ARI
"2024-01-04 - OTT 1, SEA 4","2024-01-04 - OTT, SEA",2024-01-04,OTT,1,SEA,4,Won,2024-01-04,OTT,100.0,2.0,0.5,0.4389273328818324,0.5610726671181674,0.55,1.83,-120.0,SEA
"2024-01-04 - FLA 4, VGK 1","2024-01-04 - FLA, VGK",2024-01-04,FLA,4,VGK,1,Lost,2024-01-04,FLA,-120.0,1.83,0.55,0.4790675897848283,0.5209324102151718,0.5,2.0,100.0,VGK
"2024-01-04 - DET 4, LA 3","2024-01-04 - DET, LA",2024-01-04,DET,4,LA,3,Lost,2024-01-04,DET,150.0,2.5,0.4,0.4274033852580478,0.5725966147419522,0.65,1.54,-185.0,LA
"2024-01-04 - WPG 2, SJ 1","2024-01-04 - WPG, SJ",2024-01-04,WPG,2,SJ,1,Lost,2024-01-04,WPG,-275.0,1.36,0.74,0.4938460305572358,0.506153969442764,0.31,3.2,220.0,SJ
"2024-01-04 - WPG 2, SJ 1","2024-01-04 - WPG, SJ",2024-01-04,WPG,2,SJ,1,Lost,2024-01-04,WPG,-200.0,1.5,0.67,0.4938460305572358,0.506153969442764,0.31,3.2,220.0,SJ
"2024-01-05 - CHI 2, NJ 4","2024-01-05 - CHI, NJ",2024-01-05,CHI,2,NJ,4,Won,2024-01-05,CHI,340.0,4.4,0.23,0.4030250897452339,0.596974910254766,0.82,1.22,-450.0,NJ
"2024-01-05 - CAR 6, WSH 2","2024-01-05 - CAR, WSH",2024-01-05,CAR,6,WSH,2,Lost,2024-01-05,CAR,-175.0,1.57,0.64,0.530710355120053,0.4692896448799469,0.41,2.45,145.0,WSH
"2024-01-05 - WPG 3, ANA 1","2024-01-05 - WPG, ANA",2024-01-05,WPG,3,ANA,1,Lost,2024-01-05,WPG,-185.0,1.54,0.65,0.4899439708287662,0.5100560291712337,0.4,2.5,150.0,ANA
"2024-01-06 - CGY 2, PHI 3","2024-01-06 - CGY, PHI",2024-01-06,CGY,2,PHI,3,Won,2024-01-06,CGY,-225.0,1.44,0.69,0.4479181733321349,0.5520818266678652,,,,PHI
"2024-01-06 - FLA 8, COL 4","2024-01-06 - FLA, COL",2024-01-06,FLA,8,COL,4,Lost,2024-01-06,FLA,-110.0,1.91,0.52,0.5106609208471744,0.4893390791528256,0.52,1.91,-110.0,COL
"2024-01-06 - TB 3, BOS 7","2024-01-06 - TB, BOS",2024-01-06,TB,3,BOS,7,Won,2024-01-06,TB,135.0,2.35,0.43,0.5057110092513091,0.4942889907486909,0.62,1.62,-160.0,BOS
"2024-01-06 - STL 2, CAR 1","2024-01-06 - STL, CAR",2024-01-06,STL,2,CAR,1,Lost,2024-01-06,STL,,,,0.4369826506583974,0.5630173493416024,0.65,1.53,-190.0,CAR
"2024-01-06 - MIN 4, CBJ 3","2024-01-06 - MIN, CBJ",2024-01-06,MIN,4,CBJ,3,Lost,2024-01-06,MIN,-125.0,1.8,0.56,0.559275661422955,0.440724338577045,0.49,2.05,105.0,CBJ
"2024-01-06 - NYR 3, MTL 4","2024-01-06 - NYR, MTL",2024-01-06,NYR,3,MTL,4,Won,2024-01-06,NYR,-190.0,1.53,0.65,0.4789933035415718,0.5210066964584283,0.39,2.55,155.0,MTL
"2024-01-06 - VAN 6, NJ 4","2024-01-06 - VAN, NJ",2024-01-06,VAN,6,NJ,4,Lost,2024-01-06,VAN,-105.0,1.95,0.51,0.4051124442616618,0.5948875557383383,0.53,1.87,-115.0,NJ
"2024-01-06 - BUF 3, PIT 1","2024-01-06 - BUF, PIT",2024-01-06,BUF,3,PIT,1,Lost,2024-01-06,BUF,140.0,2.4,0.42,0.4228781633955814,0.5771218366044185,0.62,1.61,-165.0,PIT
"2024-01-06 - TOR 4, SJ 1","2024-01-06 - TOR, SJ",2024-01-06,TOR,4,SJ,1,Lost,2024-01-06,TOR,-300.0,1.33,0.75,0.4908296071788702,0.5091703928211299,0.29,3.4,240.0,SJ
"2024-01-06 - NSH 4, DAL 3","2024-01-06 - NSH, DAL",2024-01-06,NSH,4,DAL,3,Lost,2024-01-06,NSH,145.0,2.45,0.41,0.4172130014479522,0.582786998552048,0.64,1.57,-175.0,DAL
"2024-01-06 - OTT 1, EDM 3","2024-01-06 - OTT, EDM",2024-01-06,OTT,1,EDM,3,Won,2024-01-06,OTT,165.0,2.65,0.38,0.3939154936367398,0.6060845063632602,0.67,1.5,-200.0,EDM
"2024-01-06 - NYI 2, VGK 5","2024-01-06 - NYI, VGK",2024-01-06,NYI,2,VGK,5,Won,2024-01-06,NYI,120.0,2.2,0.45,0.4413305582432808,0.5586694417567194,0.59,1.69,-145.0,VGK
"2024-01-08 - VAN 6, NYR 3","2024-01-08 - VAN, NYR",2024-01-08,VAN,6,NYR,3,Lost,2024-01-08,VAN,120.0,2.2,0.45,0.4265356550993003,0.5734643449006996,0.59,1.69,-145.0,NYR
"2024-01-08 - PIT 4, PHI 1","2024-01-08 - PIT, PHI",2024-01-08,PIT,4,PHI,1,Lost,2024-01-08,PIT,-125.0,1.8,0.56,0.4686472887140638,0.5313527112859361,0.49,2.05,105.0,PHI
"2024-01-08 - DAL 4, MIN 0","2024-01-08 - DAL, MIN",2024-01-08,DAL,4,MIN,0,Lost,2024-01-08,DAL,-145.0,1.69,0.59,0.4828675754518161,0.517132424548184,0.45,2.2,120.0,MIN
"2024-01-08 - BOS 3, COL 4","2024-01-08 - BOS, COL",2024-01-08,BOS,3,COL,4,Won,2024-01-08,BOS,110.0,2.1,0.48,0.3745222576266314,0.6254777423733685,0.56,1.77,-130.0,COL
"2024-01-09 - SEA 5, BUF 2","2024-01-09 - SEA, BUF",2024-01-09,SEA,5,BUF,2,Lost,2024-01-09,SEA,-110.0,1.91,0.52,0.4501275475305965,0.5498724524694035,0.52,1.91,-110.0,BUF
"2024-01-09 - LA 2, TB 3","2024-01-09 - LA, TB",2024-01-09,LA,2,TB,3,Won,2024-01-09,LA,-130.0,1.77,0.56,0.462812335017477,0.537187664982523,0.48,2.1,110.0,TB
"2024-01-09 - SJ 1, TOR 7","2024-01-09 - SJ, TOR",2024-01-09,SJ,1,TOR,7,Won,2024-01-09,SJ,350.0,4.5,0.22,0.431318644042893,0.5686813559571069,0.82,1.22,-450.0,TOR
"2024-01-09 - VAN 5, NYI 2","2024-01-09 - VAN, NYI",2024-01-09,VAN,5,NYI,2,Lost,2024-01-09,VAN,100.0,2.0,0.5,0.5397017154014877,0.4602982845985124,0.55,1.83,-120.0,NYI
"2024-01-09 - ANA 5, NSH 3","2024-01-09 - ANA, NSH",2024-01-09,ANA,5,NSH,3,Lost,2024-01-09,ANA,180.0,2.8,0.36,0.4024383769350305,0.5975616230649695,0.69,1.44,-225.0,NSH
"2024-01-09 - FLA 5, STL 1","2024-01-09 - FLA, STL",2024-01-09,FLA,5,STL,1,Lost,2024-01-09,FLA,-190.0,1.53,0.65,0.5197645734366177,0.4802354265633823,,,,STL
"2024-01-09 - CBJ 0, WPG 5","2024-01-09 - CBJ, WPG",2024-01-09,CBJ,0,WPG,5,Won,2024-01-09,CBJ,200.0,3.0,0.33,0.4026392934871434,0.5973607065128564,0.71,1.4,-250.0,WPG
"2024-01-09 - EDM 2, CHI 1","2024-01-09 - EDM, CHI",2024-01-09,EDM,2,CHI,1,Lost,2024-01-09,EDM,-450.0,1.22,0.82,0.5088286532866613,0.4911713467133387,0.23,4.4,340.0,CHI
"2024-01-09 - BOS 3, ARI 4","2024-01-09 - BOS, ARI",2024-01-09,BOS,3,ARI,4,Won,2024-01-09,BOS,-150.0,1.67,0.6,0.3922611386291481,0.6077388613708518,0.44,2.25,125.0,ARI
"2024-01-09 - OTT 3, CGY 6","2024-01-09 - OTT, CGY",2024-01-09,OTT,3,CGY,6,Won,2024-01-09,OTT,110.0,2.1,0.48,0.4304823461441926,0.5695176538558073,0.56,1.77,-130.0,CGY
"2024-01-10 - MTL 2, PHI 3","2024-01-10 - MTL, PHI",2024-01-10,MTL,2,PHI,3,Won,2024-01-10,MTL,145.0,2.45,0.41,0.468707341791743,0.531292658208257,0.64,1.57,-175.0,PHI
"2024-01-10 - MTL 2, PHI 3","2024-01-10 - MTL, PHI",2024-01-10,MTL,2,PHI,3,Won,2024-01-10,MTL,-160.0,1.62,0.62,0.468707341791743,0.531292658208257,0.64,1.57,-175.0,PHI
"2024-01-10 - MIN 2, DAL 7","2024-01-10 - MIN, DAL",2024-01-10,MIN,2,DAL,7,Won,2024-01-10,MIN,165.0,2.65,0.38,0.4135883188872198,0.5864116811127801,0.67,1.5,-200.0,DAL
"2024-01-10 - VGK 0, COL 3","2024-01-10 - VGK, COL",2024-01-10,VGK,0,COL,3,Won,2024-01-10,VGK,115.0,2.15,0.47,0.4218534964304753,0.5781465035695248,0.58,1.71,-140.0,COL
"2024-01-10 - VGK 0, COL 3","2024-01-10 - VGK, COL",2024-01-10,VGK,0,COL,3,Won,2024-01-10,VGK,110.0,2.1,0.48,0.4218534964304753,0.5781465035695248,0.58,1.71,-140.0,COL
"2024-01-11 - OTT 3, BUF 5","2024-01-11 - OTT, BUF",2024-01-11,OTT,3,BUF,5,Won,2024-01-11,OTT,110.0,2.1,0.48,0.4393373420440206,0.5606626579559794,0.56,1.77,-130.0,BUF
"2024-01-11 - ANA 3, CAR 6","2024-01-11 - ANA, CAR",2024-01-11,ANA,3,CAR,6,Won,2024-01-11,ANA,300.0,4.0,0.25,0.429069663423576,0.570930336576424,0.79,1.27,-375.0,CAR
"2024-01-11 - EDM 3, DET 2","2024-01-11 - EDM, DET",2024-01-11,EDM,3,DET,2,Lost,2024-01-11,EDM,-165.0,1.61,0.62,0.4817622030669823,0.5182377969330179,0.42,2.4,140.0,DET
"2024-01-11 - LA 2, FLA 3","2024-01-11 - LA, FLA",2024-01-11,LA,2,FLA,3,Won,2024-01-11,LA,120.0,2.2,0.45,0.4542484448777311,0.5457515551222688,0.59,1.69,-145.0,FLA
"2024-01-11 - SJ 3, MTL 2","2024-01-11 - SJ, MTL",2024-01-11,SJ,3,MTL,2,Lost,2024-01-11,SJ,140.0,2.4,0.42,0.4514711666431951,0.548528833356805,0.62,1.61,-165.0,MTL
"2024-01-11 - VAN 4, PIT 3","2024-01-11 - VAN, PIT",2024-01-11,VAN,4,PIT,3,Lost,2024-01-11,VAN,105.0,2.05,0.49,0.402251829462416,0.597748170537584,0.56,1.8,-125.0,PIT
"2024-01-11 - NJ 3, TB 4","2024-01-11 - NJ, TB",2024-01-11,NJ,3,TB,4,Won,2024-01-11,NJ,125.0,2.25,0.44,0.4363509151449636,0.5636490848550364,0.6,1.67,-150.0,TB
"2024-01-11 - SEA 4, WSH 1","2024-01-11 - SEA, WSH",2024-01-11,SEA,4,WSH,1,Lost,2024-01-11,SEA,-120.0,1.83,0.55,0.4639487975612869,0.5360512024387131,0.5,2.0,100.0,WSH
"2024-01-11 - TOR 3, NYI 4","2024-01-11 - TOR, NYI",2024-01-11,TOR,3,NYI,4,Won,2024-01-11,TOR,-130.0,1.77,0.56,0.5260075452770121,0.4739924547229878,0.48,2.1,110.0,NYI
"2024-01-11 - NYR 2, STL 5","2024-01-11 - NYR, STL",2024-01-11,NYR,2,STL,5,Won,2024-01-11,NYR,-165.0,1.61,0.62,0.5,0.5,,,,STL
"2024-01-11 - CHI 1, WPG 2","2024-01-11 - CHI, WPG",2024-01-11,CHI,1,WPG,2,Won,2024-01-11,CHI,310.0,4.1,0.24,0.4272054461189796,0.5727945538810203,0.8,1.25,-400.0,WPG
"2024-01-11 - CGY 6, ARI 2","2024-01-11 - CGY, ARI",2024-01-11,CGY,6,ARI,2,Lost,2024-01-11,CGY,-120.0,1.83,0.55,0.4655972715162786,0.5344027284837213,0.5,2.0,100.0,ARI
"2024-01-11 - BOS 1, VGK 2","2024-01-11 - BOS, VGK",2024-01-11,BOS,1,VGK,2,Won,2024-01-11,BOS,-135.0,1.74,0.57,0.4858002795275439,0.5141997204724561,0.47,2.15,115.0,VGK
"2024-01-12 - NSH 6, DAL 3","2024-01-12 - NSH, DAL",2024-01-12,NSH,6,DAL,3,Lost,2024-01-12,NSH,145.0,2.45,0.41,0.4235807106242077,0.5764192893757923,0.64,1.57,-175.0,DAL
"2024-01-12 - NSH 6, DAL 3","2024-01-12 - NSH, DAL",2024-01-12,NSH,6,DAL,3,Lost,2024-01-12,NSH,145.0,2.45,0.41,0.4235807106242077,0.5764192893757923,0.78,1.29,-350.0,DAL
"2024-01-12 - NSH 6, DAL 3","2024-01-12 - NSH, DAL",2024-01-12,NSH,6,DAL,3,Lost,2024-01-12,NSH,-110.0,1.91,0.52,0.4235807106242077,0.5764192893757923,0.64,1.57,-175.0,DAL
"2024-01-12 - NSH 6, DAL 3","2024-01-12 - NSH, DAL",2024-01-12,NSH,6,DAL,3,Lost,2024-01-12,NSH,-110.0,1.91,0.52,0.4235807106242077,0.5764192893757923,0.78,1.29,-350.0,DAL
"2024-01-12 - PHI 4, MIN 3","2024-01-12 - PHI, MIN",2024-01-12,PHI,4,MIN,3,Lost,2024-01-12,PHI,-115.0,1.87,0.53,0.4641255863566809,0.535874413643319,0.51,1.95,-105.0,MIN
"2024-01-12 - PHI 4, MIN 3","2024-01-12 - PHI, MIN",2024-01-12,PHI,4,MIN,3,Lost,2024-01-12,PHI,-115.0,1.87,0.53,0.4641255863566809,0.535874413643319,0.59,1.69,-145.0,MIN
"2024-01-12 - PHI 4, MIN 3","2024-01-12 - PHI, MIN",2024-01-12,PHI,4,MIN,3,Lost,2024-01-12,PHI,150.0,2.5,0.4,0.4641255863566809,0.535874413643319,0.51,1.95,-105.0,MIN
"2024-01-12 - PHI 4, MIN 3","2024-01-12 - PHI, MIN",2024-01-12,PHI,4,MIN,3,Lost,2024-01-12,PHI,150.0,2.5,0.4,0.4641255863566809,0.535874413643319,0.59,1.69,-145.0,MIN
"2024-01-15 - NJ 0, BOS 3","2024-01-15 - NJ, BOS",2024-01-15,NJ,0,BOS,3,Won,2024-01-15,NJ,140.0,2.4,0.42,0.4696297667394594,0.5303702332605407,0.62,1.61,-165.0,BOS
"2024-01-15 - SJ 0, BUF 3","2024-01-15 - SJ, BUF",2024-01-15,SJ,0,BUF,3,Won,2024-01-15,SJ,200.0,3.0,0.33,0.4269716539150983,0.5730283460849016,0.71,1.4,-250.0,BUF
"2024-01-15 - VAN 3, CBJ 4","2024-01-15 - VAN, CBJ",2024-01-15,VAN,3,CBJ,4,Won,2024-01-15,VAN,-225.0,1.44,0.69,0.5,0.5,0.36,2.8,180.0,CBJ
"2024-01-15 - ANA 5, FLA 4","2024-01-15 - ANA, FLA",2024-01-15,ANA,5,FLA,4,Lost,2024-01-15,ANA,310.0,4.1,0.24,0.430499276841039,0.569500723158961,0.8,1.25,-400.0,FLA
"2024-01-15 - LA 5, CAR 2","2024-01-15 - LA, CAR",2024-01-15,LA,5,CAR,2,Lost,2024-01-15,LA,120.0,2.2,0.45,0.448554995382644,0.5514450046173559,0.59,1.69,-145.0,CAR
"2024-01-15 - NYI 0, MIN 5","2024-01-15 - NYI, MIN",2024-01-15,NYI,0,MIN,5,Won,2024-01-15,NYI,-105.0,1.95,0.51,0.4312589874269921,0.5687410125730077,0.53,1.87,-115.0,MIN
"2024-01-15 - SEA 0, PIT 3","2024-01-15 - SEA, PIT",2024-01-15,SEA,0,PIT,3,Won,2024-01-15,SEA,120.0,2.2,0.45,0.4200986182498371,0.5799013817501629,0.59,1.69,-145.0,PIT
"2024-01-15 - COL 3, MTL 4","2024-01-15 - COL, MTL",2024-01-15,COL,3,MTL,4,Won,2024-01-15,COL,-225.0,1.44,0.69,0.5409674078062283,0.4590325921937716,0.36,2.8,180.0,MTL
"2024-01-15 - PHI 4, STL 2","2024-01-15 - PHI, STL",2024-01-15,PHI,4,STL,2,Lost,2024-01-15,PHI,-105.0,1.95,0.51,0.5135210788425462,0.4864789211574537,,,,STL
"2024-01-15 - NSH 1, VGK 4","2024-01-15 - NSH, VGK",2024-01-15,NSH,1,VGK,4,Won,2024-01-15,NSH,105.0,2.05,0.49,0.486915137042919,0.513084862957081,0.56,1.8,-125.0,VGK
"2024-01-16 - SEA 2, NYR 5","2024-01-16 - SEA, NYR",2024-01-16,SEA,2,NYR,5,Won,2024-01-16,SEA,180.0,2.8,0.36,0.4277957042231908,0.5722042957768092,0.69,1.44,-225.0,NYR
"2024-01-16 - COL 7, OTT 4","2024-01-16 - COL, OTT",2024-01-16,COL,7,OTT,4,Lost,2024-01-16,COL,-120.0,1.83,0.55,0.4816699353445114,0.5183300646554886,0.5,2.0,100.0,OTT
"2024-01-16 - ANA 0, WSH 2","2024-01-16 - ANA, WSH",2024-01-16,ANA,0,WSH,2,Won,2024-01-16,ANA,150.0,2.5,0.4,0.4402538078543084,0.5597461921456917,0.65,1.54,-185.0,WSH
"2024-01-16 - LA 1, DAL 5","2024-01-16 - LA, DAL",2024-01-16,LA,1,DAL,5,Won,2024-01-16,LA,110.0,2.1,0.48,0.4399001891956224,0.5600998108043775,0.56,1.77,-130.0,DAL
"2024-01-16 - NYI 2, WPG 4","2024-01-16 - NYI, WPG",2024-01-16,NYI,2,WPG,4,Won,2024-01-16,NYI,155.0,2.55,0.39,0.4060473249185561,0.593952675081444,0.65,1.53,-190.0,WPG
"2024-01-16 - SJ 1, CHI 2","2024-01-16 - SJ, CHI",2024-01-16,SJ,1,CHI,2,Won,2024-01-16,SJ,120.0,2.2,0.45,0.4432383468778505,0.5567616531221494,0.59,1.69,-145.0,CHI
"2024-01-16 - SJ 1, CHI 2","2024-01-16 - SJ, CHI",2024-01-16,SJ,1,CHI,2,Won,2024-01-16,SJ,120.0,2.2,0.45,0.4432383468778505,0.5567616531221494,0.29,3.4,240.0,CHI
"2024-01-16 - ARI 2, CGY 3","2024-01-16 - ARI, CGY",2024-01-16,ARI,2,CGY,3,Won,2024-01-16,ARI,135.0,2.35,0.43,0.4328388201460602,0.56716117985394,0.62,1.62,-160.0,CGY
"2024-01-16 - TOR 2, EDM 4","2024-01-16 - TOR, EDM",2024-01-16,TOR,2,EDM,4,Won,2024-01-16,TOR,125.0,2.25,0.44,0.4479192610581635,0.5520807389418365,0.6,1.67,-150.0,EDM
"2024-01-17 - DET 3, FLA 2","2024-01-17 - DET, FLA",2024-01-17,DET,3,FLA,2,Lost,2024-01-17,DET,170.0,2.7,0.37,0.4096153742032367,0.5903846257967633,0.68,1.48,-210.0,FLA
"2024-01-17 - MTL 3, NJ 2","2024-01-17 - MTL, NJ",2024-01-17,MTL,3,NJ,2,Lost,2024-01-17,MTL,150.0,2.5,0.4,0.4194480280685367,0.5805519719314635,0.65,1.54,-185.0,NJ
"2024-01-17 - MTL 3, NJ 2","2024-01-17 - MTL, NJ",2024-01-17,MTL,3,NJ,2,Lost,2024-01-17,MTL,150.0,2.5,0.4,0.4194480280685367,0.5805519719314635,0.65,1.54,-185.0,NJ
"2024-01-18 - COL 2, BOS 5","2024-01-18 - COL, BOS",2024-01-18,COL,2,BOS,5,Won,2024-01-18,COL,120.0,2.2,0.45,0.4913250909523954,0.5086749090476045,0.59,1.69,-145.0,BOS
"2024-01-18 - MTL 2, OTT 6","2024-01-18 - MTL, OTT",2024-01-18,MTL,2,OTT,6,Won,2024-01-18,MTL,150.0,2.5,0.4,0.4289603978141771,0.571039602185823,0.65,1.54,-185.0,OTT
"2024-01-18 - DAL 1, PHI 5","2024-01-18 - DAL, PHI",2024-01-18,DAL,1,PHI,5,Won,2024-01-18,DAL,-135.0,1.74,0.57,0.4375704876282201,0.5624295123717798,0.47,2.15,115.0,PHI
"2024-01-18 - MIN 3, TB 7","2024-01-18 - MIN, TB",2024-01-18,MIN,3,TB,7,Won,2024-01-18,MIN,115.0,2.15,0.47,0.4399915054718503,0.5600084945281498,0.57,1.74,-135.0,TB
"2024-01-18 - STL 2, WSH 5","2024-01-18 - STL, WSH",2024-01-18,STL,2,WSH,5,Won,2024-01-18,STL,,,,0.4765835510525511,0.5234164489474491,0.53,1.87,-115.0,WSH
"2024-01-18 - TOR 4, CGY 3","2024-01-18 - TOR, CGY",2024-01-18,TOR,4,CGY,3,Lost,2024-01-18,TOR,-130.0,1.77,0.56,0.4654517687218409,0.5345482312781593,0.48,2.1,110.0,CGY
"2024-01-18 - SEA 2, EDM 4","2024-01-18 - SEA, EDM",2024-01-18,SEA,2,EDM,4,Won,2024-01-18,SEA,180.0,2.8,0.36,0.3976834110598783,0.6023165889401216,0.69,1.44,-225.0,EDM
"2024-01-18 - NSH 2, LA 1","2024-01-18 - NSH, LA",2024-01-18,NSH,2,LA,1,Lost,2024-01-18,NSH,125.0,2.25,0.44,0.4597352720984896,0.5402647279015104,0.6,1.67,-150.0,LA
"2024-01-18 - ARI 1, VAN 2","2024-01-18 - ARI, VAN",2024-01-18,ARI,1,VAN,2,Won,2024-01-18,ARI,165.0,2.65,0.38,0.4071594137953095,0.5928405862046904,0.67,1.5,-200.0,VAN
"2024-01-18 - NYR 1, VGK 5","2024-01-18 - NYR, VGK",2024-01-18,NYR,1,VGK,5,Won,2024-01-18,NYR,-130.0,1.77,0.56,0.5093702064102972,0.4906297935897027,0.48,2.1,110.0,VGK
"2024-01-20 - TB 3, BUF 1","2024-01-20 - TB, BUF",2024-01-20,TB,3,BUF,1,Lost,2024-01-20,TB,-120.0,1.83,0.55,0.4809139749788341,0.5190860250211659,0.5,2.0,100.0,BUF
"2024-01-20 - COL 7, PHI 4","2024-01-20 - COL, PHI",2024-01-20,COL,7,PHI,4,Lost,2024-01-20,COL,-115.0,1.87,0.53,0.4295371382446538,0.5704628617553463,0.51,1.95,-105.0,PHI
"2024-01-20 - NSH 2, ARI 3","2024-01-20 - NSH, ARI",2024-01-20,NSH,2,ARI,3,Won,2024-01-20,NSH,-135.0,1.74,0.57,0.4862842328304066,0.5137157671695933,0.48,2.1,110.0,ARI
"2024-01-20 - WPG 2, OTT 1","2024-01-20 - WPG, OTT",2024-01-20,WPG,2,OTT,1,Lost,2024-01-20,WPG,-145.0,1.69,0.59,0.4484388618671827,0.5515611381328172,0.45,2.2,120.0,OTT
"2024-01-20 - MTL 4, BOS 9","2024-01-20 - MTL, BOS",2024-01-20,MTL,4,BOS,9,Won,2024-01-20,MTL,240.0,3.4,0.29,0.4142707331290227,0.5857292668709773,0.75,1.33,-300.0,BOS
"2024-01-20 - DAL 6, NJ 2","2024-01-20 - DAL, NJ",2024-01-20,DAL,6,NJ,2,Lost,2024-01-20,DAL,-135.0,1.74,0.57,0.4404073308474999,0.5595926691525,0.48,2.1,110.0,NJ
"2024-01-20 - TOR 4, VAN 6","2024-01-20 - TOR, VAN",2024-01-20,TOR,4,VAN,6,Won,2024-01-20,TOR,105.0,2.05,0.49,0.5,0.5,0.56,1.77,-130.0,VAN
"2024-01-20 - WSH 0, STL 3","2024-01-20 - WSH, STL",2024-01-20,WSH,0,STL,3,Won,2024-01-20,WSH,105.0,2.05,0.49,0.4509502473685012,0.5490497526314987,,,,STL
"2024-01-20 - EDM 3, CGY 1","2024-01-20 - EDM, CGY",2024-01-20,EDM,3,CGY,1,Lost,2024-01-20,EDM,-155.0,1.65,0.61,0.443285439066522,0.5567145609334779,0.44,2.25,125.0,CGY
"2024-01-20 - ANA 3, SJ 5","2024-01-20 - ANA, SJ",2024-01-20,ANA,3,SJ,5,Won,2024-01-20,ANA,-125.0,1.8,0.56,0.4747215347069974,0.5252784652930025,0.49,2.05,105.0,SJ
"2024-01-20 - PIT 2, VGK 3","2024-01-20 - PIT, VGK",2024-01-20,PIT,2,VGK,3,Won,2024-01-20,PIT,-115.0,1.87,0.53,0.4813541475420741,0.5186458524579259,0.51,1.95,-105.0,VGK
"2024-01-20 - NYR 1, LA 2","2024-01-20 - NYR, LA",2024-01-20,NYR,1,LA,2,Won,2024-01-20,NYR,105.0,2.05,0.49,0.4759465800468532,0.5240534199531469,0.56,1.77,-130.0,LA
"2024-01-22 - WPG 1, BOS 4","2024-01-22 - WPG, BOS",2024-01-22,WPG,1,BOS,4,Won,2024-01-22,WPG,110.0,2.1,0.48,0.4669481073196522,0.5330518926803479,0.57,1.74,-135.0,BOS
"2024-01-22 - VGK 5, NJ 6","2024-01-22 - VGK, NJ",2024-01-22,VGK,5,NJ,6,Won,2024-01-22,VGK,100.0,2.0,0.5,0.484466709566154,0.51553329,0.55,1.83,-120.0,NJ
"2024-01-22 - FLA 4, NSH 1","2024-01-22 - FLA, NSH",2024-01-22,FLA,4,NSH,1,Lost,2024-01-22,FLA,-125.0,1.8,0.56,0.4539417655032898,0.5460582344967103,0.49,2.05,105.0,NSH
"2024-01-22 - PIT 2, ARI 5","2024-01-22 - PIT, ARI",2024-01-22,PIT,2,ARI,5,Won,2024-01-22,PIT,-145.0,1.69,0.59,0.5163545887570072,0.4836454112429928,0.45,2.2,120.0,ARI
"2024-01-22 - CHI 0, VAN 2","2024-01-22 - CHI, VAN",2024-01-22,CHI,0,VAN,2,Won,2024-01-22,CHI,350.0,4.5,0.22,0.43232792,0.5676720799331649,0.82,1.22,-450.0,VAN
"2024-01-22 - SJ 4, LA 3","2024-01-22 - SJ, LA",2024-01-22,SJ,4,LA,3,Lost,2024-01-22,SJ,290.0,3.9,0.26,0.4261039627730629,0.573896037,0.79,1.27,-375.0,LA
"2024-01-23 - DAL 5, DET 4","2024-01-23 - DAL, DET",2024-01-23,DAL,5,DET,4,Lost,2024-01-23,DAL,-145.0,1.69,0.59,0.4849906786519985,0.5150093213480014,0.45,2.2,120.0,DET
"2024-01-23 - OTT 4, MTL 1","2024-01-23 - OTT, MTL",2024-01-23,OTT,4,MTL,1,Lost,2024-01-23,OTT,-140.0,1.71,0.58,0.5123089783929563,0.4876910216070439,0.47,2.15,115.0,MTL
"2024-01-23 - TB 6, PHI 3","2024-01-23 - TB, PHI",2024-01-23,TB,6,PHI,3,Lost,2024-01-23,TB,-110.0,1.91,0.52,0.4279404380810639,0.572059561918936,0.52,1.91,-110.0,PHI
"2024-01-23 - VGK 3, NYI 2","2024-01-23 - VGK, NYI",2024-01-23,VGK,3,NYI,2,Lost,2024-01-23,VGK,125.0,2.25,0.44,0.5154751207023194,0.4845248792976808,0.61,1.65,-155.0,NYI
"2024-01-23 - WSH 3, MIN 5","2024-01-23 - WSH, MIN",2024-01-23,WSH,3,MIN,5,Won,2024-01-23,WSH,135.0,2.35,0.43,0.4525304995387585,0.5474695004612417,0.62,1.62,-160.0,MIN
"2024-01-23 - STL 4, CGY 3","2024-01-23 - STL, CGY",2024-01-23,STL,4,CGY,3,Lost,2024-01-23,STL,,,,0.4517016622454727,0.5482983377545271,0.62,1.61,-165.0,CGY
"2024-01-23 - CBJ 1, EDM 4","2024-01-23 - CBJ, EDM",2024-01-23,CBJ,1,EDM,4,Won,2024-01-23,CBJ,290.0,3.9,0.26,0.4165311871993523,0.5834688128006479,0.79,1.27,-375.0,EDM
"2024-01-23 - BUF 2, ANA 4","2024-01-23 - BUF, ANA",2024-01-23,BUF,2,ANA,4,Won,2024-01-23,BUF,-160.0,1.62,0.62,0.5180124960552556,0.4819875039447444,0.43,2.35,135.0,ANA
"2024-01-23 - NYR 2, SJ 3","2024-01-23 - NYR, SJ",2024-01-23,NYR,2,SJ,3,Won,2024-01-23,NYR,-350.0,1.29,0.78,0.5083282633433088,0.4916717366566912,0.27,3.75,275.0,SJ
"2024-01-24 - ARI 2, FLA 6","2024-01-24 - ARI, FLA",2024-01-24,ARI,2,FLA,6,Won,2024-01-24,ARI,185.0,2.85,0.35,0.4196282690648223,0.5803717309351776,0.69,1.44,-225.0,FLA
"2024-01-24 - WPG 0, TOR 1","2024-01-24 - WPG, TOR",2024-01-24,WPG,0,TOR,1,Won,2024-01-24,WPG,105.0,2.05,0.49,0.4495534749841666,0.5504465250158334,0.56,1.77,-130.0,TOR
"2024-01-24 - CAR 3, BOS 2","2024-01-24 - CAR, BOS",2024-01-24,CAR,3,BOS,2,Lost,2024-01-24,CAR,110.0,2.1,0.48,0.5128898573330574,0.4871101426669423,0.57,1.74,-135.0,BOS
"2024-01-24 - WSH 2, COL 6","2024-01-24 - WSH, COL",2024-01-24,WSH,2,COL,6,Won,2024-01-24,WSH,200.0,3.0,0.33,0.4299542797398684,0.5700457202601316,0.71,1.4,-250.0,COL
"2024-01-24 - CHI 2, SEA 6","2024-01-24 - CHI, SEA",2024-01-24,CHI,2,SEA,6,Won,2024-01-24,CHI,240.0,3.4,0.29,0.446825685731348,0.5531743142686518,0.75,1.33,-300.0,SEA
"2024-01-24 - STL 4, VAN 3","2024-01-24 - STL, VAN",2024-01-24,STL,4,VAN,3,Lost,2024-01-24,STL,,,,0.4361261974511195,0.5638738025488805,0.69,1.44,-225.0,VAN
"2024-01-24 - BUF 5, LA 3","2024-01-24 - BUF, LA",2024-01-24,BUF,5,LA,3,Lost,2024-01-24,BUF,170.0,2.7,0.37,0.4749148945579651,0.5250851054420348,0.68,1.48,-210.0,LA
"2024-01-25 - NJ 2, CAR 3","2024-01-25 - NJ, CAR",2024-01-25,NJ,2,CAR,3,Won,2024-01-25,NJ,135.0,2.35,0.43,0.4302700639817896,0.5697299360182103,0.62,1.62,-160.0,CAR
"2024-01-25 - PHI 0, DET 3","2024-01-25 - PHI, DET",2024-01-25,PHI,0,DET,3,Won,2024-01-25,PHI,-105.0,1.95,0.51,0.4823024682782333,0.5176975317217668,0.53,1.87,-115.0,DET
"2024-01-25 - NYI 3, MTL 4","2024-01-25 - NYI, MTL",2024-01-25,NYI,3,MTL,4,Won,2024-01-25,NYI,-150.0,1.67,0.6,0.5505673922030527,0.4494326077969473,0.44,2.25,125.0,MTL
"2024-01-25 - BOS 3, OTT 2","2024-01-25 - BOS, OTT",2024-01-25,BOS,3,OTT,2,Lost,2024-01-25,BOS,-135.0,1.74,0.57,0.4265111979145594,0.5734888020854405,0.47,2.15,115.0,OTT
"2024-01-25 - ARI 3, TB 6","2024-01-25 - ARI, TB",2024-01-25,ARI,3,TB,6,Won,2024-01-25,ARI,170.0,2.7,0.37,0.3730130955910789,0.6269869044089211,0.68,1.48,-210.0,TB
"2024-01-25 - ANA 3, DAL 4","2024-01-25 - ANA, DAL",2024-01-25,ANA,3,DAL,4,Won,2024-01-25,ANA,275.0,3.75,0.27,0.4394802989940413,0.5605197010059586,0.78,1.29,-350.0,DAL
"2024-01-25 - NSH 3, MIN 2","2024-01-25 - NSH, MIN",2024-01-25,NSH,3,MIN,2,Lost,2024-01-25,NSH,100.0,2.0,0.5,0.4926887045198732,0.5073112954801269,0.55,1.83,-120.0,MIN
"2024-01-25 - CBJ 5, CGY 2","2024-01-25 - CBJ, CGY",2024-01-25,CBJ,5,CGY,2,Lost,2024-01-25,CBJ,155.0,2.55,0.39,0.4605989064895526,0.5394010935104473,0.65,1.53,-190.0,CGY
"2024-01-25 - CHI 0, EDM 3","2024-01-25 - CHI, EDM",2024-01-25,CHI,0,EDM,3,Won,2024-01-25,CHI,450.0,5.5,0.18,0.4267594487939881,0.5732405512060119,0.87,1.15,-650.0,EDM
"2024-01-26 - VGK 5, NYR 2","2024-01-26 - VGK, NYR",2024-01-26,VGK,5,NYR,2,Lost,2024-01-26,VGK,125.0,2.25,0.44,0.4497671614218855,0.5502328385781144,0.6,1.67,-150.0,NYR
"2024-01-26 - FLA 3, PIT 2","2024-01-26 - FLA, PIT",2024-01-26,FLA,3,PIT,2,Lost,2024-01-26,FLA,-130.0,1.77,0.56,0.43700048259788,0.5629995174021198,0.49,2.05,105.0,PIT
"2024-01-26 - LA 1, COL 5","2024-01-26 - LA, COL",2024-01-26,LA,1,COL,5,Won,2024-01-26,LA,125.0,2.25,0.44,0.4542165203115285,0.5457834796884715,0.6,1.67,-150.0,COL
"2024-01-26 - STL 4, SEA 3","2024-01-26 - STL, SEA",2024-01-26,STL,4,SEA,3,Lost,2024-01-26,STL,,,,0.4384694256930958,0.5615305743069042,0.62,1.61,-165.0,SEA
"2024-01-27 - BOS 6, PHI 2","2024-01-27 - BOS, PHI",2024-01-27,BOS,6,PHI,2,Lost,2024-01-27,BOS,-150.0,1.67,0.6,0.435665498688662,0.5643345013113381,0.44,2.25,125.0,PHI
"2024-01-27 - WSH 4, DAL 5","2024-01-27 - WSH, DAL",2024-01-27,WSH,4,DAL,5,Won,2024-01-27,WSH,190.0,2.9,0.34,0.4593588340040403,0.5406411659959596,0.71,1.4,-250.0,DAL
"2024-01-27 - NSH 1, EDM 4","2024-01-27 - NSH, EDM",2024-01-27,NSH,1,EDM,4,Won,2024-01-27,NSH,185.0,2.85,0.35,0.4220553678463816,0.5779446321536182,0.69,1.44,-225.0,EDM
"2024-01-27 - BUF 5, SJ 2","2024-01-27 - BUF, SJ",2024-01-27,BUF,5,SJ,2,Lost,2024-01-27,BUF,-200.0,1.5,0.67,0.5066572516387204,0.4933427483612795,0.38,2.65,165.0,SJ
"2024-01-27 - ARI 1, CAR 3","2024-01-27 - ARI, CAR",2024-01-27,ARI,1,CAR,3,Won,2024-01-27,ARI,200.0,3.0,0.33,0.4207024163718482,0.5792975836281518,0.71,1.4,-250.0,CAR
"2024-01-27 - VGK 2, DET 5","2024-01-27 - VGK, DET",2024-01-27,VGK,2,DET,5,Won,2024-01-27,VGK,110.0,2.1,0.48,0.4673932686903069,0.532606731309693,0.57,1.74,-135.0,DET
"2024-01-27 - NYR 7, OTT 2","2024-01-27 - NYR, OTT",2024-01-27,NYR,7,OTT,2,Lost,2024-01-27,NYR,-110.0,1.91,0.52,0.4353061793782993,0.5646938206217007,0.52,1.91,-110.0,OTT
"2024-01-27 - MTL 2, PIT 3","2024-01-27 - MTL, PIT",2024-01-27,MTL,2,PIT,3,Won,2024-01-27,MTL,185.0,2.85,0.35,0.4105591689923426,0.5894408310076573,0.69,1.44,-225.0,PIT
"2024-01-27 - NJ 3, TB 6","2024-01-27 - NJ, TB",2024-01-27,NJ,3,TB,6,Won,2024-01-27,NJ,125.0,2.25,0.44,0.4294013234916814,0.5705986765083186,0.61,1.65,-155.0,TB
"2024-01-27 - TOR 4, WPG 2","2024-01-27 - TOR, WPG",2024-01-27,TOR,4,WPG,2,Lost,2024-01-27,TOR,105.0,2.05,0.49,0.4655699423789191,0.5344300576210809,0.56,1.77,-130.0,WPG
"2024-01-27 - FLA 3, NYI 2","2024-01-27 - FLA, NYI",2024-01-27,FLA,3,NYI,2,Lost,2024-01-27,FLA,-140.0,1.71,0.58,0.4482849573407252,0.5517150426592746,0.47,2.15,115.0,NYI
"2024-01-27 - ANA 3, MIN 2","2024-01-27 - ANA, MIN",2024-01-27,ANA,3,MIN,2,Lost,2024-01-27,ANA,170.0,2.7,0.37,0.4496826688472851,0.550317331152715,0.68,1.48,-210.0,MIN
"2024-01-27 - CHI 0, CGY 1","2024-01-27 - CHI, CGY",2024-01-27,CHI,0,CGY,1,Won,2024-01-27,CHI,240.0,3.4,0.29,0.4634330500411884,0.5365669499588118,0.75,1.33,-300.0,CGY
"2024-01-27 - CBJ 4, VAN 5","2024-01-27 - CBJ, VAN",2024-01-27,CBJ,4,VAN,5,Won,2024-01-27,CBJ,240.0,3.4,0.29,0.4350797592310425,0.5649202407689574,0.75,1.33,-300.0,VAN
"2024-01-30 - CBJ 1, STL 0","2024-01-30 - CBJ, STL",2024-01-30,CBJ,1,STL,0,Lost,2024-01-30,CBJ,130.0,2.3,0.43,0.5,0.5,,,,STL
"2024-01-30 - SEA 0, SJ 2","2024-01-30 - SEA, SJ",2024-01-30,SEA,0,SJ,2,Won,2024-01-30,SEA,-250.0,1.4,0.71,0.5113404405273063,0.4886595594726938,0.33,3.0,200.0,SJ
"2024-01-30 - SEA 0, SJ 2","2024-01-30 - SEA, SJ",2024-01-30,SEA,0,SJ,2,Won,2024-01-30,SEA,-250.0,1.4,0.71,0.5113404405273063,0.4886595594726938,0.39,2.55,155.0,SJ
"2024-01-31 - OTT 3, DET 2","2024-01-31 - OTT, DET",2024-01-31,OTT,3,DET,2,Lost,2024-01-31,OTT,100.0,2.0,0.5,0.4931096524248509,0.5068903475751493,0.55,1.83,-120.0,DET
"2024-01-31 - LA 4, NSH 2","2024-01-31 - LA, NSH",2024-01-31,LA,4,NSH,2,Lost,2024-01-31,LA,-120.0,1.83,0.55,0.4428067791315501,0.5571932208684498,0.5,2.0,100.0,NSH
"2024-01-31 - SJ 2, ANA 3","2024-01-31 - SJ, ANA",2024-01-31,SJ,2,ANA,3,Won,2024-01-31,SJ,150.0,2.5,0.4,0.4544436973406296,0.5455563026593705,0.65,1.54,-185.0,ANA
"2024-02-05 - COL 1, NYR 2","2024-02-05 - COL, NYR",2024-02-05,COL,1,NYR,2,Won,2024-02-05,COL,-110.0,1.91,0.52,0.4467564917373017,0.5532435082626982,0.52,1.91,-110.0,NYR
"2024-02-05 - NYI 3, TOR 2","2024-02-05 - NYI, TOR",2024-02-05,NYI,3,TOR,2,Lost,2024-02-05,NYI,135.0,2.35,0.43,0.4526927200926794,0.5473072799073205,0.62,1.62,-160.0,TOR
"2024-02-06 - CGY 4, BOS 1","2024-02-06 - CGY, BOS",2024-02-06,CGY,4,BOS,1,Lost,2024-02-06,CGY,155.0,2.55,0.39,0.4500220216299546,0.5499779783700455,0.65,1.53,-190.0,BOS
"2024-02-06 - DAL 2, BUF 1","2024-02-06 - DAL, BUF",2024-02-06,DAL,2,BUF,1,Lost,2024-02-06,DAL,-155.0,1.65,0.61,0.456307291869256,0.5436927081307441,0.44,2.25,125.0,BUF
"2024-02-06 - VAN 3, CAR 2","2024-02-06 - VAN, CAR",2024-02-06,VAN,3,CAR,2,Lost,2024-02-06,VAN,120.0,2.2,0.45,0.4382773908896478,0.5617226091103521,0.59,1.69,-145.0,CAR
"2024-02-06 - PHI 2, FLA 1","2024-02-06 - PHI, FLA",2024-02-06,PHI,2,FLA,1,Lost,2024-02-06,PHI,170.0,2.7,0.37,0.446950011767048,0.553049988232952,0.68,1.48,-210.0,FLA
"2024-02-06 - COL 3, NJ 5","2024-02-06 - COL, NJ",2024-02-06,COL,3,NJ,5,Won,2024-02-06,COL,-120.0,1.83,0.55,0.4652495425850935,0.5347504574149065,0.5,2.0,100.0,NJ
"2024-02-06 - WPG 0, PIT 3","2024-02-06 - WPG, PIT",2024-02-06,WPG,0,PIT,3,Won,2024-02-06,WPG,-105.0,1.95,0.51,0.4606685829821474,0.5393314170178527,0.53,1.87,-115.0,PIT
"2024-02-06 - MTL 5, WSH 2","2024-02-06 - MTL, WSH",2024-02-06,MTL,5,WSH,2,Lost,2024-02-06,MTL,125.0,2.25,0.44,0.4421401488838345,0.5578598511161653,0.61,1.65,-155.0,WSH
"2024-02-06 - EDM 1, VGK 3","2024-02-06 - EDM, VGK",2024-02-06,EDM,1,VGK,3,Won,2024-02-06,EDM,-145.0,1.69,0.59,0.4670937720216242,0.532906227978376,0.45,2.2,120.0,VGK
"2024-02-07 - TB 1, NYR 3","2024-02-07 - TB, NYR",2024-02-07,TB,1,NYR,3,Won,2024-02-07,TB,105.0,2.05,0.49,0.4694020713946417,0.5305979286053583,0.56,1.8,-125.0,NYR
"2024-02-07 - DAL 4, TOR 5","2024-02-07 - DAL, TOR",2024-02-07,DAL,4,TOR,5,Won,2024-02-07,DAL,110.0,2.1,0.48,0.435628142213348,0.564371857786652,0.57,1.74,-135.0,TOR
"2024-02-07 - MIN 2, CHI 1","2024-02-07 - MIN, CHI",2024-02-07,MIN,2,CHI,1,Lost,2024-02-07,MIN,-210.0,1.48,0.68,0.4613424596225193,0.5386575403774806,0.37,2.7,170.0,CHI
"2024-02-08 - VAN 0, BOS 4","2024-02-08 - VAN, BOS",2024-02-08,VAN,0,BOS,4,Won,2024-02-08,VAN,110.0,2.1,0.48,0.3936683026705214,0.6063316973294784,0.57,1.74,-135.0,BOS
"2024-02-08 - WSH 2, FLA 4","2024-02-08 - WSH, FLA",2024-02-08,WSH,2,FLA,4,Won,2024-02-08,WSH,220.0,3.2,0.31,0.4352650679697628,0.5647349320302373,0.74,1.36,-275.0,FLA
"2024-02-08 - CGY 5, NJ 3","2024-02-08 - CGY, NJ",2024-02-08,CGY,5,NJ,3,Lost,2024-02-08,CGY,110.0,2.1,0.48,0.4688738131744596,0.5311261868255402,0.57,1.74,-135.0,NJ
"2024-02-08 - WPG 1, PHI 4","2024-02-08 - WPG, PHI",2024-02-08,WPG,1,PHI,4,Won,2024-02-08,WPG,-125.0,1.8,0.56,0.4509137953425653,0.5490862046574347,0.49,2.05,105.0,PHI
"2024-02-08 - TB 2, NYI 6","2024-02-08 - TB, NYI",2024-02-08,TB,2,NYI,6,Won,2024-02-08,TB,120.0,2.2,0.45,0.4788674723884588,0.5211325276115412,0.59,1.69,-145.0,NYI
"2024-02-08 - COL 2, CAR 5","2024-02-08 - COL, CAR",2024-02-08,COL,2,CAR,5,Won,2024-02-08,COL,110.0,2.1,0.48,0.4519184320954845,0.5480815679045156,0.57,1.74,-135.0,CAR
"2024-02-08 - VGK 3, ARI 2","2024-02-08 - VGK, ARI",2024-02-08,VGK,3,ARI,2,Lost,2024-02-08,VGK,-135.0,1.74,0.57,0.4481129612716318,0.5518870387283683,0.48,2.1,110.0,ARI
"2024-02-09 - PIT 2, MIN 3","2024-02-09 - PIT, MIN",2024-02-09,PIT,2,MIN,3,Won,2024-02-09,PIT,-115.0,1.87,0.53,0.5,0.5,0.51,1.95,-105.0,MIN
"2024-02-09 - NYR 4, CHI 3","2024-02-09 - NYR, CHI",2024-02-09,NYR,4,CHI,3,Lost,2024-02-09,NYR,-300.0,1.33,0.75,0.5365757248265113,0.4634242751734886,0.3,3.3,230.0,CHI
"2024-02-09 - EDM 5, ANA 3","2024-02-09 - EDM, ANA",2024-02-09,EDM,5,ANA,3,Lost,2024-02-09,EDM,-275.0,1.36,0.74,0.5,0.5,0.31,3.25,225.0,ANA
"2024-02-10 - STL 3, BUF 1","2024-02-10 - STL, BUF",2024-02-10,STL,3,BUF,1,Lost,2024-02-10,STL,,,,0.432378302,0.5676216978642961,0.62,1.61,-165.0,BUF
"2024-02-10 - VAN 3, DET 4","2024-02-10 - VAN, DET",2024-02-10,VAN,3,DET,4,Won,2024-02-10,VAN,-140.0,1.71,0.58,0.5,0.5,0.47,2.15,115.0,DET
"2024-02-10 - DAL 3, MTL 2","2024-02-10 - DAL, MTL",2024-02-10,DAL,3,MTL,2,Lost,2024-02-10,DAL,-225.0,1.44,0.69,0.4910404314799837,0.5089595685200163,0.36,2.8,180.0,MTL
"2024-02-10 - CGY 5, NYI 2","2024-02-10 - CGY, NYI",2024-02-10,CGY,5,NYI,2,Lost,2024-02-10,CGY,-105.0,1.95,0.51,0.459396664245529,0.5406033357544711,0.53,1.87,-115.0,NYI
"2024-02-10 - WSH 3, BOS 0","2024-02-10 - WSH, BOS",2024-02-10,WSH,3,BOS,0,Lost,2024-02-10,WSH,220.0,3.2,0.31,0.418813453,0.5811865473228689,0.74,1.36,-275.0,BOS
"2024-02-10 - COL 0, FLA 4","2024-02-10 - COL, FLA",2024-02-10,COL,0,FLA,4,Won,2024-02-10,COL,110.0,2.1,0.48,0.4272010776131666,0.5727989223868333,0.57,1.74,-135.0,FLA
"2024-02-10 - NJ 0, CAR 1","2024-02-10 - NJ, CAR",2024-02-10,NJ,0,CAR,1,Won,2024-02-10,NJ,135.0,2.35,0.43,0.442159994,0.5578400055374431,0.62,1.62,-160.0,CAR
"2024-02-10 - TB 4, CBJ 2","2024-02-10 - TB, CBJ",2024-02-10,TB,4,CBJ,2,Lost,2024-02-10,TB,-175.0,1.57,0.64,0.4776361772040287,0.5223638227959713,0.41,2.45,145.0,CBJ
"2024-02-10 - TOR 3, OTT 5","2024-02-10 - TOR, OTT",2024-02-10,TOR,3,OTT,5,Won,2024-02-10,TOR,-135.0,1.74,0.57,0.433630899,0.5663691011524641,0.48,2.1,110.0,OTT
"2024-02-10 - SEA 2, PHI 3","2024-02-10 - SEA, PHI",2024-02-10,SEA,2,PHI,3,Won,2024-02-10,SEA,-110.0,1.91,0.52,0.4428387784051978,0.5571612215948023,0.52,1.91,-110.0,PHI
"2024-02-10 - PIT 1, WPG 2","2024-02-10 - PIT, WPG",2024-02-10,PIT,1,WPG,2,Won,2024-02-10,PIT,125.0,2.25,0.44,0.4744983693687716,0.5255016306312283,0.61,1.65,-155.0,WPG
"2024-02-10 - ARI 4, NSH 5","2024-02-10 - ARI, NSH",2024-02-10,ARI,4,NSH,5,Won,2024-02-10,ARI,120.0,2.2,0.45,0.4092352332614567,0.5907647667385433,0.59,1.69,-145.0,NSH
"2024-02-10 - EDM 0, LA 4","2024-02-10 - EDM, LA",2024-02-10,EDM,0,LA,4,Won,2024-02-10,EDM,-125.0,1.8,0.56,0.4538158600315883,0.5461841399684115,0.49,2.05,105.0,LA
"2024-02-12 - SEA 1, NJ 3","2024-02-12 - SEA, NJ",2024-02-12,SEA,1,NJ,3,Won,2024-02-12,SEA,110.0,2.1,0.48,0.4723746633705818,0.527625337,0.57,1.74,-135.0,NJ
"2024-02-12 - CGY 0, NYR 2","2024-02-12 - CGY, NYR",2024-02-12,CGY,0,NYR,2,Won,2024-02-12,CGY,140.0,2.4,0.42,0.4577440593908944,0.5422559406091054,0.62,1.61,-165.0,NYR
"2024-02-12 - ARI 3, PHI 5","2024-02-12 - ARI, PHI",2024-02-12,ARI,3,PHI,5,Won,2024-02-12,ARI,125.0,2.25,0.44,0.3963308074258514,0.6036691925741486,0.6,1.67,-150.0,PHI
"2024-02-12 - MIN 5, VGK 3","2024-02-12 - MIN, VGK",2024-02-12,MIN,5,VGK,3,Lost,2024-02-12,MIN,120.0,2.2,0.45,0.5,0.5,0.59,1.69,-145.0,VGK
"2024-02-14 - FLA 5, PIT 2","2024-02-14 - FLA, PIT",2024-02-14,FLA,5,PIT,2,Lost,2024-02-14,FLA,-135.0,1.74,0.57,0.4694601973958409,0.5305398026041591,0.47,2.15,115.0,PIT
"2024-02-14 - SJ 0, WPG 1","2024-02-14 - SJ, WPG",2024-02-14,SJ,0,WPG,1,Won,2024-02-14,SJ,340.0,4.4,0.23,0.4501909955329735,0.5498090044670266,0.82,1.22,-450.0,WPG
"2024-02-14 - MIN 3, ARI 1","2024-02-14 - MIN, ARI",2024-02-14,MIN,3,ARI,1,Lost,2024-02-14,MIN,-115.0,1.87,0.53,0.5,0.5,0.51,1.95,-105.0,ARI
"2024-02-15 - SEA 4, BOS 1","2024-02-15 - SEA, BOS",2024-02-15,SEA,4,BOS,1,Lost,2024-02-15,SEA,155.0,2.55,0.39,0.4390872705308827,0.5609127294691174,0.65,1.53,-190.0,BOS
"2024-02-15 - FLA 4, BUF 0","2024-02-15 - FLA, BUF",2024-02-15,FLA,4,BUF,0,Lost,2024-02-15,FLA,-155.0,1.65,0.61,0.4629912112913586,0.5370087887086412,0.44,2.25,125.0,BUF
"2024-02-15 - LA 2, NJ 1","2024-02-15 - LA, NJ",2024-02-15,LA,2,NJ,1,Lost,2024-02-15,LA,-110.0,1.91,0.52,0.4251939514734245,0.5748060485265756,0.52,1.91,-110.0,NJ
"2024-02-15 - MTL 4, NYR 7","2024-02-15 - MTL, NYR",2024-02-15,MTL,4,NYR,7,Won,2024-02-15,MTL,200.0,3.0,0.33,0.3918185395129159,0.6081814604870841,0.71,1.4,-250.0,NYR
"2024-02-15 - ANA 5, OTT 1","2024-02-15 - ANA, OTT",2024-02-15,ANA,5,OTT,1,Lost,2024-02-15,ANA,185.0,2.85,0.35,0.4063025086025988,0.5936974913974011,0.69,1.44,-225.0,OTT
"2024-02-15 - COL 3, TB 6","2024-02-15 - COL, TB",2024-02-15,COL,3,TB,6,Won,2024-02-15,COL,105.0,2.05,0.49,0.4173960396831531,0.5826039603168469,0.56,1.8,-125.0,TB
"2024-02-15 - PHI 3, TOR 4","2024-02-15 - PHI, TOR",2024-02-15,PHI,3,TOR,4,Won,2024-02-15,PHI,125.0,2.25,0.44,0.4733753291894428,0.5266246708105571,0.61,1.65,-155.0,TOR
"2024-02-15 - EDM 3, STL 6","2024-02-15 - EDM, STL",2024-02-15,EDM,3,STL,6,Won,2024-02-15,EDM,-225.0,1.44,0.69,0.5261731523664697,0.4738268476335301,,,,STL
"2024-02-15 - PIT 4, CHI 1","2024-02-15 - PIT, CHI",2024-02-15,PIT,4,CHI,1,Lost,2024-02-15,PIT,-200.0,1.5,0.67,0.5236894617481174,0.4763105382518826,0.38,2.65,165.0,CHI
"2024-02-15 - SJ 6, CGY 3","2024-02-15 - SJ, CGY",2024-02-15,SJ,6,CGY,3,Lost,2024-02-15,SJ,260.0,3.6,0.28,0.4167555697311687,0.5832444302688312,0.78,1.29,-350.0,CGY
"2024-02-15 - DAL 9, NSH 2","2024-02-15 - DAL, NSH",2024-02-15,DAL,9,NSH,2,Lost,2024-02-15,DAL,-155.0,1.65,0.61,0.4308779293150334,0.5691220706849668,0.44,2.25,125.0,NSH
"2024-02-15 - DET 1, VAN 4","2024-02-15 - DET, VAN",2024-02-15,DET,1,VAN,4,Won,2024-02-15,DET,150.0,2.5,0.4,0.3917556595477098,0.6082443404522903,0.65,1.54,-185.0,VAN
"2024-02-16 - CAR 5, ARI 1","2024-02-16 - CAR, ARI",2024-02-16,CAR,5,ARI,1,Lost,2024-02-16,CAR,-225.0,1.44,0.69,0.5080506105624714,0.4919493894375286,0.36,2.8,180.0,ARI
"2024-02-19 - ANA 4, BUF 3","2024-02-19 - ANA, BUF",2024-02-19,ANA,4,BUF,3,Lost,2024-02-19,ANA,165.0,2.65,0.38,0.3991383883531575,0.6008616116468424,0.67,1.5,-200.0,BUF
"2024-02-19 - DAL 3, BOS 4","2024-02-19 - DAL, BOS",2024-02-19,DAL,3,BOS,4,Won,2024-02-19,DAL,110.0,2.1,0.48,0.4625987999703558,0.5374012000296441,0.57,1.74,-135.0,BOS
"2024-02-19 - TOR 4, STL 2","2024-02-19 - TOR, STL",2024-02-19,TOR,4,STL,2,Lost,2024-02-19,TOR,-155.0,1.65,0.61,0.5424620970932943,0.4575379029067058,,,,STL
"2024-02-19 - VAN 7, MIN 10","2024-02-19 - VAN, MIN",2024-02-19,VAN,7,MIN,10,Won,2024-02-19,VAN,-130.0,1.77,0.56,0.5368244555700769,0.463175544429923,0.48,2.1,110.0,MIN
"2024-02-19 - DET 4, SEA 3","2024-02-19 - DET, SEA",2024-02-19,DET,4,SEA,3,Lost,2024-02-19,DET,110.0,2.1,0.48,0.4299089544358158,0.5700910455641843,0.57,1.74,-135.0,SEA
"2024-02-19 - EDM 6, ARI 3","2024-02-19 - EDM, ARI",2024-02-19,EDM,6,ARI,3,Lost,2024-02-19,EDM,-275.0,1.36,0.74,0.5687396529214301,0.4312603470785697,0.31,3.2,220.0,ARI
"2024-02-19 - WPG 3, CGY 6","2024-02-19 - WPG, CGY",2024-02-19,WPG,3,CGY,6,Won,2024-02-19,WPG,-130.0,1.77,0.56,0.4805576114013389,0.5194423885986611,0.48,2.1,110.0,CGY
"2024-02-19 - VGK 4, SJ 0","2024-02-19 - VGK, SJ",2024-02-19,VGK,4,SJ,0,Lost,2024-02-19,VGK,-275.0,1.36,0.74,0.4942622219880245,0.5057377780119754,0.31,3.2,220.0,SJ
"2024-02-19 - CHI 3, CAR 6","2024-02-19 - CHI, CAR",2024-02-19,CHI,3,CAR,6,Won,2024-02-19,CHI,340.0,4.4,0.23,0.4480498710995241,0.5519501289004759,0.82,1.22,-450.0,CAR
"2024-02-19 - OTT 4, TB 2","2024-02-19 - OTT, TB",2024-02-19,OTT,4,TB,2,Lost,2024-02-19,OTT,135.0,2.35,0.43,0.4703844423094962,0.5296155576905038,0.62,1.61,-165.0,TB
"2024-02-20 - OTT 2, FLA 3","2024-02-20 - OTT, FLA",2024-02-20,OTT,2,FLA,3,Won,2024-02-20,OTT,220.0,3.2,0.31,0.4349287191969833,0.5650712808030168,0.74,1.36,-275.0,FLA
"2024-02-20 - DAL 1, NYR 3","2024-02-20 - DAL, NYR",2024-02-20,DAL,1,NYR,3,Won,2024-02-20,DAL,115.0,2.15,0.47,0.434633961458881,0.565366038541119,0.57,1.74,-135.0,NYR
"2024-02-20 - NYI 5, PIT 4","2024-02-20 - NYI, PIT",2024-02-20,NYI,5,PIT,4,Lost,2024-02-20,NYI,105.0,2.05,0.49,0.4694218208622002,0.5305781791377998,0.56,1.8,-125.0,PIT
"2024-02-20 - NJ 2, WSH 6","2024-02-20 - NJ, WSH",2024-02-20,NJ,2,WSH,6,Won,2024-02-20,NJ,-175.0,1.57,0.64,0.4450537575997631,0.5549462424002367,0.41,2.45,145.0,WSH
"2024-02-20 - MIN 3, WPG 6","2024-02-20 - MIN, WPG",2024-02-20,MIN,3,WPG,6,Won,2024-02-20,MIN,125.0,2.25,0.44,0.4311603422928451,0.5688396577071549,0.6,1.67,-150.0,WPG
"2024-02-20 - VAN 1, COL 3","2024-02-20 - VAN, COL",2024-02-20,VAN,1,COL,3,Won,2024-02-20,VAN,120.0,2.2,0.45,0.5189511887324791,0.481048811267521,0.59,1.69,-145.0,COL
"2024-02-20 - NSH 5, VGK 3","2024-02-20 - NSH, VGK",2024-02-20,NSH,5,VGK,3,Lost,2024-02-20,NSH,120.0,2.2,0.45,0.5198109774429155,0.4801890225570847,0.59,1.69,-145.0,VGK
"2024-02-20 - CBJ 1, LA 5","2024-02-20 - CBJ, LA",2024-02-20,CBJ,1,LA,5,Won,2024-02-20,CBJ,200.0,3.0,0.33,0.4642963384848924,0.5357036615151073,0.71,1.4,-250.0,LA
"2024-02-20 - CBJ 1, LA 5","2024-02-20 - CBJ, LA",2024-02-20,CBJ,1,LA,5,Won,2024-02-20,CBJ,105.0,2.05,0.49,0.4642963384848924,0.5357036615151073,0.71,1.4,-250.0,LA
"2024-02-21 - BUF 3, MTL 2","2024-02-21 - BUF, MTL",2024-02-21,BUF,3,MTL,2,Lost,2024-02-21,BUF,-150.0,1.67,0.6,0.5324302307196821,0.467569769280318,0.44,2.25,125.0,MTL
"2024-02-21 - PHI 3, CHI 1","2024-02-21 - PHI, CHI",2024-02-21,PHI,3,CHI,1,Lost,2024-02-21,PHI,-250.0,1.4,0.71,0.5270572569899137,0.4729427430100863,0.33,3.0,200.0,CHI
"2024-02-21 - CBJ 7, ANA 4","2024-02-21 - CBJ, ANA",2024-02-21,CBJ,7,ANA,4,Lost,2024-02-21,CBJ,-110.0,1.91,0.52,0.5155951485252018,0.4844048514747983,0.52,1.91,-110.0,ANA
"2024-02-21 - TOR 6, ARI 3","2024-02-21 - TOR, ARI",2024-02-21,TOR,6,ARI,3,Lost,2024-02-21,TOR,-185.0,1.54,0.65,0.5252867923846057,0.4747132076153944,0.4,2.5,150.0,ARI
"2024-02-21 - BOS 6, EDM 5","2024-02-21 - BOS, EDM",2024-02-21,BOS,6,EDM,5,Lost,2024-02-21,BOS,115.0,2.15,0.47,0.3859983055066606,0.6140016944933395,0.57,1.74,-135.0,EDM
"2024-02-22 - FLA 0, CAR 1","2024-02-22 - FLA, CAR",2024-02-22,FLA,0,CAR,1,Won,2024-02-22,FLA,-105.0,1.95,0.51,0.4514555534875376,0.5485444465124623,0.53,1.87,-115.0,CAR
"2024-02-22 - COL 1, DET 2","2024-02-22 - COL, DET",2024-02-22,COL,1,DET,2,Won,2024-02-22,COL,-135.0,1.74,0.57,0.4895610623869461,0.510438937613054,0.47,2.15,115.0,DET
"2024-02-22 - NYR 5, NJ 1","2024-02-22 - NYR, NJ",2024-02-22,NYR,5,NJ,1,Lost,2024-02-22,NYR,-110.0,1.91,0.52,0.4331594257708915,0.5668405742291085,0.52,1.91,-110.0,NJ
"2024-02-22 - DAL 1, OTT 4","2024-02-22 - DAL, OTT",2024-02-22,DAL,1,OTT,4,Won,2024-02-22,DAL,-165.0,1.61,0.62,0.4412404042634475,0.5587595957365523,0.42,2.4,140.0,OTT
"2024-02-22 - MTL 1, PIT 4","2024-02-22 - MTL, PIT",2024-02-22,MTL,1,PIT,4,Won,2024-02-22,MTL,220.0,3.2,0.31,0.3939881186652822,0.6060118813347178,0.74,1.36,-275.0,PIT
"2024-02-22 - WSH 5, TB 3","2024-02-22 - WSH, TB",2024-02-22,WSH,5,TB,3,Lost,2024-02-22,WSH,165.0,2.65,0.38,0.4244883249977036,0.5755116750022963,0.67,1.5,-200.0,TB
"2024-02-22 - NYI 0, STL 4","2024-02-22 - NYI, STL",2024-02-22,NYI,0,STL,4,Won,2024-02-22,NYI,-125.0,1.8,0.56,0.5,0.5,,,,STL
"2024-02-22 - BOS 2, CGY 3","2024-02-22 - BOS, CGY",2024-02-22,BOS,2,CGY,3,Won,2024-02-22,BOS,-125.0,1.8,0.56,0.4301885535922915,0.5698114464077083,0.49,2.05,105.0,CGY
"2024-02-22 - VAN 2, SEA 5","2024-02-22 - VAN, SEA",2024-02-22,VAN,2,SEA,5,Won,2024-02-22,VAN,-135.0,1.74,0.57,0.5141313851571783,0.4858686148428218,0.47,2.15,115.0,SEA
"2024-02-22 - TOR 7, VGK 3","2024-02-22 - TOR, VGK",2024-02-22,TOR,7,VGK,3,Lost,2024-02-22,TOR,-115.0,1.87,0.53,0.5259377088460974,0.4740622911539024,0.51,1.95,-105.0,VGK
"2024-02-22 - NSH 4, LA 1","2024-02-22 - NSH, LA",2024-02-22,NSH,4,LA,1,Lost,2024-02-22,NSH,125.0,2.25,0.44,0.4547200279277791,0.5452799720722209,0.6,1.67,-150.0,LA
"2024-02-23 - BUF 2, CBJ 1","2024-02-23 - BUF, CBJ",2024-02-23,BUF,2,CBJ,1,Lost,2024-02-23,BUF,-155.0,1.65,0.61,0.4573237527792313,0.5426762472207688,0.43,2.3,130.0,CBJ
"2024-02-23 - WPG 3, CHI 2","2024-02-23 - WPG, CHI",2024-02-23,WPG,3,CHI,2,Lost,2024-02-23,WPG,-275.0,1.36,0.74,0.5430630997063282,0.4569369002936721,0.31,3.2,220.0,CHI
"2024-02-23 - MIN 4, EDM 2","2024-02-23 - MIN, EDM",2024-02-23,MIN,4,EDM,2,Lost,2024-02-23,MIN,150.0,2.5,0.4,0.4187793498571208,0.5812206501428792,0.65,1.54,-185.0,EDM
"2024-02-25 - TB 4, NJ 1","2024-02-25 - TB, NJ",2024-02-25,TB,4,NJ,1,Lost,2024-02-25,TB,120.0,2.2,0.45,0.4160714749324022,0.5839285250675977,0.59,1.69,-145.0,NJ
"2024-02-25 - PHI 6, PIT 7","2024-02-25 - PHI, PIT",2024-02-25,PHI,6,PIT,7,Won,2024-02-25,PHI,145.0,2.45,0.41,0.458298279846082,0.5417017201539182,0.64,1.57,-175.0,PIT
"2024-02-25 - CAR 2, BUF 3","2024-02-25 - CAR, BUF",2024-02-25,CAR,2,BUF,3,Won,2024-02-25,CAR,-135.0,1.74,0.57,0.4804411031766793,0.5195588968233205,0.47,2.15,115.0,BUF
"2024-02-25 - NYR 2, CBJ 4","2024-02-25 - NYR, CBJ",2024-02-25,NYR,2,CBJ,4,Won,2024-02-25,NYR,-175.0,1.57,0.64,0.4049908146539975,0.5950091853460024,0.41,2.45,145.0,CBJ
"2024-02-25 - DET 3, CHI 2","2024-02-25 - DET, CHI",2024-02-25,DET,3,CHI,2,Lost,2024-02-25,DET,-175.0,1.57,0.64,0.4740652186632668,0.5259347813367331,0.41,2.45,145.0,CHI
"2024-02-25 - ARI 3, WPG 4","2024-02-25 - ARI, WPG",2024-02-25,ARI,3,WPG,4,Won,2024-02-25,ARI,200.0,3.0,0.33,0.3959410298302757,0.6040589701697244,0.71,1.4,-250.0,WPG
"2024-02-25 - NSH 4, ANA 2","2024-02-25 - NSH, ANA",2024-02-25,NSH,4,ANA,2,Lost,2024-02-25,NSH,-165.0,1.61,0.62,0.5170504546871054,0.4829495453128945,0.42,2.4,140.0,ANA
"2024-02-26 - OTT 3, WSH 6","2024-02-26 - OTT, WSH",2024-02-26,OTT,3,WSH,6,Won,2024-02-26,OTT,-140.0,1.71,0.58,0.4611558237547613,0.5388441762452385,0.45,2.2,120.0,WSH
"2024-02-26 - NYI 3, DAL 2","2024-02-26 - NYI, DAL",2024-02-26,NYI,3,DAL,2,Lost,2024-02-26,NYI,135.0,2.35,0.43,0.4648288748143527,0.5351711251856471,0.62,1.61,-165.0,DAL
"2024-02-26 - LA 2, EDM 4","2024-02-26 - LA, EDM",2024-02-26,LA,2,EDM,4,Won,2024-02-26,LA,130.0,2.3,0.43,0.4234892777131596,0.5765107222868403,0.61,1.65,-155.0,EDM
"2024-02-26 - BOS 3, SEA 4","2024-02-26 - BOS, SEA",2024-02-26,BOS,3,SEA,4,Won,2024-02-26,BOS,-145.0,1.69,0.59,0.4564727365755665,0.5435272634244335,0.45,2.2,120.0,SEA
"2024-02-27 - WSH 3, DET 8","2024-02-27 - WSH, DET",2024-02-27,WSH,3,DET,8,Won,2024-02-27,WSH,145.0,2.45,0.41,0.4532920778207311,0.5467079221792688,0.64,1.57,-175.0,DET
"2024-02-27 - BUF 2, FLA 3","2024-02-27 - BUF, FLA",2024-02-27,BUF,2,FLA,3,Won,2024-02-27,BUF,180.0,2.8,0.36,0.4523801712075466,0.5476198287924534,0.69,1.44,-225.0,FLA
"2024-02-27 - ARI 2, MTL 4","2024-02-27 - ARI, MTL",2024-02-27,ARI,2,MTL,4,Won,2024-02-27,ARI,-110.0,1.91,0.52,0.3806366310157107,0.6193633689842892,0.52,1.91,-110.0,MTL
"2024-02-27 - TB 2, PHI 6","2024-02-27 - TB, PHI",2024-02-27,TB,2,PHI,6,Won,2024-02-27,TB,-130.0,1.77,0.56,0.4321323522854399,0.56786764771456,0.48,2.1,110.0,PHI
"2024-02-27 - VGK 6, TOR 2","2024-02-27 - VGK, TOR",2024-02-27,VGK,6,TOR,2,Lost,2024-02-27,VGK,140.0,2.4,0.42,0.4075981318156678,0.5924018681843322,0.62,1.61,-165.0,TOR
"2024-02-27 - CAR 3, MIN 2","2024-02-27 - CAR, MIN",2024-02-27,CAR,3,MIN,2,Lost,2024-02-27,CAR,-140.0,1.71,0.58,0.4776877386559471,0.522312261344053,0.47,2.15,115.0,MIN
"2024-02-27 - OTT 1, NSH 4","2024-02-27 - OTT, NSH",2024-02-27,OTT,1,NSH,4,Won,2024-02-27,OTT,115.0,2.15,0.47,0.4510829490092631,0.548917050990737,0.58,1.71,-140.0,NSH
"2024-02-27 - STL 2, WPG 4","2024-02-27 - STL, WPG",2024-02-27,STL,2,WPG,4,Won,2024-02-27,STL,,,,0.407843109488418,0.592156890511582,0.65,1.53,-190.0,WPG
"2024-02-27 - LA 2, CGY 4","2024-02-27 - LA, CGY",2024-02-27,LA,2,CGY,4,Won,2024-02-27,LA,-105.0,1.95,0.51,0.4738496604002261,0.5261503395997738,0.53,1.87,-115.0,CGY
"2024-02-27 - DAL 1, COL 5","2024-02-27 - DAL, COL",2024-02-27,DAL,1,COL,5,Won,2024-02-27,DAL,110.0,2.1,0.48,0.4592167549528855,0.5407832450471144,0.57,1.74,-135.0,COL
"2024-02-27 - PIT 4, VAN 3","2024-02-27 - PIT, VAN",2024-02-27,PIT,4,VAN,3,Lost,2024-02-27,PIT,130.0,2.3,0.43,0.5,0.5,0.61,1.65,-155.0,VAN
"2024-02-27 - NJ 7, SJ 2","2024-02-27 - NJ, SJ",2024-02-27,NJ,7,SJ,2,Lost,2024-02-27,NJ,-250.0,1.4,0.71,0.5,0.5,0.34,2.95,195.0,SJ
"2024-02-28 - CBJ 1, NYR 4","2024-02-28 - CBJ, NYR",2024-02-28,CBJ,1,NYR,4,Won,2024-02-28,CBJ,200.0,3.0,0.33,0.4783542732178253,0.5216457267821747,0.71,1.4,-250.0,NYR
"2024-02-28 - STL 2, EDM 3","2024-02-28 - STL, EDM",2024-02-28,STL,2,EDM,3,Won,2024-02-28,STL,,,,0.3856793026672383,0.6143206973327616,0.74,1.36,-275.0,EDM
"2024-02-29 - VGK 4, BOS 5","2024-02-29 - VGK, BOS",2024-02-29,VGK,4,BOS,5,Won,2024-02-29,VGK,135.0,2.35,0.43,0.4097105200011003,0.5902894799988996,0.62,1.62,-160.0,BOS
"2024-02-29 - CAR 4, CBJ 2","2024-02-29 - CAR, CBJ",2024-02-29,CAR,4,CBJ,2,Lost,2024-02-29,CAR,-275.0,1.36,0.74,0.4355681875149926,0.5644318124850074,0.31,3.2,220.0,CBJ
"2024-02-29 - NYI 5, DET 3","2024-02-29 - NYI, DET",2024-02-29,NYI,5,DET,3,Lost,2024-02-29,NYI,-105.0,1.95,0.51,0.4708848170843147,0.5291151829156853,0.53,1.87,-115.0,DET
"2024-02-29 - MTL 3, FLA 4","2024-02-29 - MTL, FLA",2024-02-29,MTL,3,FLA,4,Won,2024-02-29,MTL,280.0,3.8,0.26,0.4095210642133938,0.5904789357866059,0.78,1.29,-350.0,FLA
"2024-02-29 - BUF 3, TB 2","2024-02-29 - BUF, TB",2024-02-29,BUF,3,TB,2,Lost,2024-02-29,BUF,135.0,2.35,0.43,0.4818833310620697,0.5181166689379302,0.62,1.62,-160.0,TB
"2024-02-29 - ARI 2, TOR 4","2024-02-29 - ARI, TOR",2024-02-29,ARI,2,TOR,4,Won,2024-02-29,ARI,200.0,3.0,0.33,0.4269426271934757,0.5730573728065242,0.71,1.4,-250.0,TOR
"2024-02-29 - WPG 1, DAL 4","2024-02-29 - WPG, DAL",2024-02-29,WPG,1,DAL,4,Won,2024-02-29,WPG,115.0,2.15,0.47,0.4552554396673073,0.5447445603326927,0.57,1.74,-135.0,DAL
"2024-02-29 - MIN 1, NSH 6","2024-02-29 - MIN, NSH",2024-02-29,MIN,1,NSH,6,Won,2024-02-29,MIN,-105.0,1.95,0.51,0.4233135918671344,0.5766864081328654,0.53,1.87,-115.0,NSH
"2024-02-29 - COL 5, CHI 0","2024-02-29 - COL, CHI",2024-02-29,COL,5,CHI,0,Lost,2024-02-29,COL,-275.0,1.36,0.74,0.5055691613550641,0.4944308386449358,0.31,3.2,220.0,CHI
"2024-02-29 - PIT 0, SEA 2","2024-02-29 - PIT, SEA",2024-02-29,PIT,0,SEA,2,Won,2024-02-29,PIT,-105.0,1.95,0.51,0.4629786049846709,0.5370213950153291,0.53,1.87,-115.0,SEA
"2024-02-29 - LA 5, VAN 1","2024-02-29 - LA, VAN",2024-02-29,LA,5,VAN,1,Lost,2024-02-29,LA,120.0,2.2,0.45,0.4720974191649545,0.5279025808350456,0.59,1.69,-145.0,VAN
"2024-02-29 - ANA 6, SJ 4","2024-02-29 - ANA, SJ",2024-02-29,ANA,6,SJ,4,Lost,2024-02-29,ANA,-135.0,1.74,0.57,0.4826326814273186,0.5173673185726816,0.47,2.15,115.0,SJ
"2024-03-01 - ARI 5, OTT 3","2024-03-01 - ARI, OTT",2024-03-01,ARI,5,OTT,3,Lost,2024-03-01,ARI,165.0,2.65,0.38,0.4148379525891872,0.5851620474108127,0.67,1.5,-200.0,OTT
"2024-03-01 - PHI 2, WSH 5","2024-03-01 - PHI, WSH",2024-03-01,PHI,2,WSH,5,Won,2024-03-01,PHI,-145.0,1.69,0.59,0.4814615168615943,0.5185384831384058,0.45,2.2,120.0,WSH
"2024-03-01 - NJ 3, ANA 4","2024-03-01 - NJ, ANA",2024-03-01,NJ,3,ANA,4,Won,2024-03-01,NJ,-275.0,1.36,0.74,0.4910611548507586,0.5089388451492414,0.31,3.2,220.0,ANA
"2024-03-02 - WPG 5, CAR 3","2024-03-02 - WPG, CAR",2024-03-02,WPG,5,CAR,3,Lost,2024-03-02,WPG,125.0,2.25,0.44,0.4255451725757805,0.5744548274242193,0.6,1.67,-150.0,CAR
"2024-03-02 - BOS 1, NYI 5","2024-03-02 - BOS, NYI",2024-03-02,BOS,1,NYI,5,Won,2024-03-02,BOS,-125.0,1.8,0.56,0.4516127253353098,0.5483872746646902,0.49,2.05,105.0,NYI
"2024-03-02 - EDM 2, SEA 1","2024-03-02 - EDM, SEA",2024-03-02,EDM,2,SEA,1,Lost,2024-03-02,EDM,-160.0,1.62,0.62,0.4628111432588487,0.5371888567411512,0.43,2.35,135.0,SEA
"2024-03-02 - COL 1, NSH 5","2024-03-02 - COL, NSH",2024-03-02,COL,1,NSH,5,Won,2024-03-02,COL,-135.0,1.74,0.57,0.4377419969324931,0.5622580030675068,0.47,2.15,115.0,NSH
"2024-03-02 - VGK 2, BUF 7","2024-03-02 - VGK, BUF",2024-03-02,VGK,2,BUF,7,Won,2024-03-02,VGK,-125.0,1.8,0.56,0.4142856717364722,0.5857143282635278,0.49,2.05,105.0,BUF
"2024-03-02 - FLA 4, DET 0","2024-03-02 - FLA, DET",2024-03-02,FLA,4,DET,0,Lost,2024-03-02,FLA,-165.0,1.61,0.62,0.4609179628640658,0.539082037135934,0.42,2.4,140.0,DET
"2024-03-02 - OTT 2, PHI 4","2024-03-02 - OTT, PHI",2024-03-02,OTT,2,PHI,4,Won,2024-03-02,OTT,110.0,2.1,0.48,0.4513019167946731,0.5486980832053269,0.56,1.77,-130.0,PHI
"2024-03-02 - MTL 3, TB 4","2024-03-02 - MTL, TB",2024-03-02,MTL,3,TB,4,Won,2024-03-02,MTL,220.0,3.2,0.31,0.435365462184811,0.5646345378151891,0.74,1.36,-275.0,TB
"2024-03-02 - NYR 3, TOR 4","2024-03-02 - NYR, TOR",2024-03-02,NYR,3,TOR,4,Won,2024-03-02,NYR,105.0,2.05,0.49,0.4286135372121809,0.5713864627878191,0.56,1.8,-125.0,TOR
"2024-03-02 - CBJ 5, CHI 2","2024-03-02 - CBJ, CHI",2024-03-02,CBJ,5,CHI,2,Lost,2024-03-02,CBJ,-135.0,1.74,0.57,0.5285085344293536,0.4714914655706466,0.47,2.15,115.0,CHI
"2024-03-02 - SJ 2, DAL 3","2024-03-02 - SJ, DAL",2024-03-02,SJ,2,DAL,3,Won,2024-03-02,SJ,375.0,4.75,0.21,0.4210886448752367,0.5789113551247634,0.83,1.2,-500.0,DAL
"2024-03-02 - MIN 1, STL 3","2024-03-02 - MIN, STL",2024-03-02,MIN,1,STL,3,Won,2024-03-02,MIN,-125.0,1.8,0.56,0.4627609265576168,0.537239073442383,,,,STL
"2024-03-02 - PIT 3, CGY 4","2024-03-02 - PIT, CGY",2024-03-02,PIT,3,CGY,4,Won,2024-03-02,PIT,105.0,2.05,0.49,0.4581576347701184,0.5418423652298815,0.56,1.8,-125.0,CGY
"2024-03-03 - ARI 5, WSH 2","2024-03-03 - ARI, WSH",2024-03-03,ARI,5,WSH,2,Lost,2024-03-03,ARI,115.0,2.15,0.47,0.4288326765400326,0.5711673234599675,0.57,1.74,-135.0,WSH
"2024-03-03 - NJ 1, LA 5","2024-03-03 - NJ, LA",2024-03-03,NJ,1,LA,5,Won,2024-03-03,NJ,110.0,2.1,0.48,0.4498779748573852,0.5501220251426151,0.56,1.77,-130.0,LA
"2024-03-03 - WPG 5, BUF 2","2024-03-03 - WPG, BUF",2024-03-03,WPG,5,BUF,2,Lost,2024-03-03,WPG,-120.0,1.83,0.55,0.4163854591254484,0.5836145408745516,0.5,2.0,100.0,BUF
"2024-03-03 - SJ 3, MIN 4","2024-03-03 - SJ, MIN",2024-03-03,SJ,3,MIN,4,Won,2024-03-03,SJ,260.0,3.6,0.28,0.4297497159727984,0.5702502840272017,0.78,1.29,-350.0,MIN
"2024-03-03 - VAN 2, ANA 1","2024-03-03 - VAN, ANA",2024-03-03,VAN,2,ANA,1,Lost,2024-03-03,VAN,-250.0,1.4,0.71,0.5315037892425745,0.4684962107574255,0.34,2.95,195.0,ANA
"2024-03-03 - PIT 1, EDM 6","2024-03-03 - PIT, EDM",2024-03-03,PIT,1,EDM,6,Won,2024-03-03,PIT,155.0,2.55,0.39,0.4228478499552838,0.5771521500447161,0.65,1.53,-190.0,EDM
"2024-03-04 - VGK 3, CBJ 6","2024-03-04 - VGK, CBJ",2024-03-04,VGK,3,CBJ,6,Won,2024-03-04,VGK,-190.0,1.53,0.65,0.4215862030059657,0.5784137969940344,0.39,2.55,155.0,CBJ
"2024-03-04 - FLA 4, NYR 2","2024-03-04 - FLA, NYR",2024-03-04,FLA,4,NYR,2,Lost,2024-03-04,FLA,-125.0,1.8,0.56,0.4668760249844407,0.5331239750155593,0.49,2.05,105.0,NYR
"2024-03-04 - STL 2, PHI 1","2024-03-04 - STL, PHI",2024-03-04,STL,2,PHI,1,Lost,2024-03-04,STL,,,,0.4129537055216314,0.5870462944783685,0.59,1.69,-145.0,PHI
"2024-03-04 - BOS 4, TOR 1","2024-03-04 - BOS, TOR",2024-03-04,BOS,4,TOR,1,Lost,2024-03-04,BOS,110.0,2.1,0.48,0.4439999452894635,0.5560000547105364,0.57,1.74,-135.0,TOR
"2024-03-04 - CHI 0, COL 5","2024-03-04 - CHI, COL",2024-03-04,CHI,0,COL,5,Won,2024-03-04,CHI,340.0,4.4,0.23,0.4376247438864576,0.5623752561135422,0.82,1.22,-450.0,COL
"2024-03-04 - SEA 4, CGY 2","2024-03-04 - SEA, CGY",2024-03-04,SEA,4,CGY,2,Lost,2024-03-04,SEA,110.0,2.1,0.48,0.4524690368364554,0.5475309631635444,0.56,1.77,-130.0,CGY
"2024-03-05 - EDM 2, BOS 1","2024-03-05 - EDM, BOS",2024-03-05,EDM,2,BOS,1,Lost,2024-03-05,EDM,-130.0,1.77,0.56,0.4883418275735696,0.5116581724264304,0.48,2.1,110.0,BOS
"2024-03-05 - FLA 5, NJ 3","2024-03-05 - FLA, NJ",2024-03-05,FLA,5,NJ,3,Lost,2024-03-05,FLA,-130.0,1.77,0.56,0.41345213844612,0.58654786155388,0.48,2.1,110.0,NJ
"2024-03-05 - CBJ 3, PIT 5","2024-03-05 - CBJ, PIT",2024-03-05,CBJ,3,PIT,5,Won,2024-03-05,CBJ,195.0,2.95,0.34,0.4300152001159527,0.5699847998840473,0.71,1.4,-250.0,PIT
"2024-03-05 - STL 2, NYI 4","2024-03-05 - STL, NYI",2024-03-05,STL,2,NYI,4,Won,2024-03-05,STL,,,,0.4131962939348836,0.5868037060651162,0.65,1.54,-185.0,NYI
"2024-03-05 - MTL 4, NSH 3","2024-03-05 - MTL, NSH",2024-03-05,MTL,4,NSH,3,Lost,2024-03-05,MTL,180.0,2.8,0.36,0.442717267697,0.557282732303,0.69,1.44,-225.0,NSH
"2024-03-05 - SEA 4, WPG 3","2024-03-05 - SEA, WPG",2024-03-05,SEA,4,WPG,3,Lost,2024-03-05,SEA,145.0,2.45,0.41,0.4744416521225462,0.5255583478774537,0.64,1.57,-175.0,WPG
"2024-03-05 - CHI 5, ARI 2","2024-03-05 - CHI, ARI",2024-03-05,CHI,5,ARI,2,Lost,2024-03-05,CHI,190.0,2.9,0.34,0.4510783748578967,0.5489216251421034,0.71,1.4,-250.0,ARI
"2024-03-05 - VAN 2, LA 1","2024-03-05 - VAN, LA",2024-03-05,VAN,2,LA,1,Lost,2024-03-05,VAN,-110.0,1.91,0.52,0.4891622199344504,0.5108377800655496,0.52,1.91,-110.0,LA
"2024-03-05 - DAL 7, SJ 6","2024-03-05 - DAL, SJ",2024-03-05,DAL,7,SJ,6,Lost,2024-03-05,DAL,-400.0,1.25,0.8,0.506267197570802,0.4937328024291978,0.24,4.1,310.0,SJ
"2024-03-06 - BUF 1, TOR 2","2024-03-06 - BUF, TOR",2024-03-06,BUF,1,TOR,2,Won,2024-03-06,BUF,155.0,2.55,0.39,0.5,0.5,0.65,1.53,-190.0,TOR
"2024-03-06 - DET 2, COL 7","2024-03-06 - DET, COL",2024-03-06,DET,2,COL,7,Won,2024-03-06,DET,165.0,2.65,0.38,0.4229625682193051,0.5770374317806947,0.67,1.5,-200.0,COL
"2024-03-06 - OTT 1, ANA 2","2024-03-06 - OTT, ANA",2024-03-06,OTT,1,ANA,2,Won,2024-03-06,OTT,-155.0,1.65,0.61,0.5194719241348416,0.4805280758651585,0.44,2.25,125.0,ANA
"2024-03-07 - TOR 1, BOS 4","2024-03-07 - TOR, BOS",2024-03-07,TOR,1,BOS,4,Won,2024-03-07,TOR,120.0,2.2,0.45,0.4896767112443643,0.5103232887556357,0.59,1.69,-145.0,BOS
"2024-03-07 - MTL 1, CAR 4","2024-03-07 - MTL, CAR",2024-03-07,MTL,1,CAR,4,Won,2024-03-07,MTL,230.0,3.3,0.3,0.4183310566692131,0.5816689433307867,0.75,1.33,-300.0,CAR
"2024-03-07 - EDM 2, CBJ 4","2024-03-07 - EDM, CBJ",2024-03-07,EDM,2,CBJ,4,Won,2024-03-07,EDM,-275.0,1.36,0.74,0.4378691530055739,0.562130846994426,0.31,3.2,220.0,CBJ
"2024-03-07 - PHI 2, FLA 1","2024-03-07 - PHI, FLA",2024-03-07,PHI,2,FLA,1,Lost,2024-03-07,PHI,185.0,2.85,0.35,0.4403818196197999,0.5596181803802001,0.69,1.44,-225.0,FLA
"2024-03-07 - STL 1, NJ 4","2024-03-07 - STL, NJ",2024-03-07,STL,1,NJ,4,Won,2024-03-07,STL,,,,0.4158130760840726,0.5841869239159272,0.64,1.57,-175.0,NJ
"2024-03-07 - WSH 6, PIT 0","2024-03-07 - WSH, PIT",2024-03-07,WSH,6,PIT,0,Lost,2024-03-07,WSH,140.0,2.4,0.42,0.4614046363362939,0.5385953636637062,0.62,1.61,-165.0,PIT
"2024-03-07 - CGY 6, TB 3","2024-03-07 - CGY, TB",2024-03-07,CGY,6,TB,3,Lost,2024-03-07,CGY,125.0,2.25,0.44,0.4534122227868156,0.5465877772131844,0.6,1.67,-150.0,TB
"2024-03-07 - BUF 2, NSH 4","2024-03-07 - BUF, NSH",2024-03-07,BUF,2,NSH,4,Won,2024-03-07,BUF,135.0,2.35,0.43,0.4583632530985927,0.5416367469014072,0.62,1.62,-160.0,NSH
"2024-03-07 - MIN 5, ARI 2","2024-03-07 - MIN, ARI",2024-03-07,MIN,5,ARI,2,Lost,2024-03-07,MIN,-145.0,1.69,0.59,0.4422995652477203,0.5577004347522796,0.45,2.2,120.0,ARI
"2024-03-07 - VAN 3, VGK 1","2024-03-07 - VAN, VGK",2024-03-07,VAN,3,VGK,1,Lost,2024-03-07,VAN,-105.0,1.95,0.51,0.5354421476331473,0.4645578523668527,0.53,1.87,-115.0,VGK
"2024-03-07 - OTT 3, LA 4","2024-03-07 - OTT, LA",2024-03-07,OTT,3,LA,4,Won,2024-03-07,OTT,150.0,2.5,0.4,0.4916799370724667,0.5083200629275332,0.65,1.54,-185.0,LA
"2024-03-07 - NYI 7, SJ 2","2024-03-07 - NYI, SJ",2024-03-07,NYI,7,SJ,2,Lost,2024-03-07,NYI,-275.0,1.36,0.74,0.5131224866311654,0.4868775133688345,0.31,3.2,220.0,SJ
"2024-03-08 - DET 0, ARI 4","2024-03-08 - DET, ARI",2024-03-08,DET,0,ARI,4,Won,2024-03-08,DET,-135.0,1.74,0.57,0.4202923521089305,0.5797076478910695,0.47,2.15,115.0,ARI
"2024-03-08 - MIN 1, COL 2","2024-03-08 - MIN, COL",2024-03-08,MIN,1,COL,2,Won,2024-03-08,MIN,185.0,2.85,0.35,0.4081460195129776,0.5918539804870225,0.69,1.44,-225.0,COL
"2024-03-08 - DAL 6, ANA 2","2024-03-08 - DAL, ANA",2024-03-08,DAL,6,ANA,2,Lost,2024-03-08,DAL,-300.0,1.33,0.75,0.5296422160025925,0.4703577839974076,0.3,3.3,230.0,ANA
"2024-03-08 - WPG 3, SEA 0","2024-03-08 - WPG, SEA",2024-03-08,WPG,3,SEA,0,Lost,2024-03-08,WPG,-125.0,1.8,0.56,0.4353901650178036,0.5646098349821963,0.49,2.05,105.0,SEA
"2024-03-09 - EDM 2, BUF 3","2024-03-09 - EDM, BUF",2024-03-09,EDM,2,BUF,3,Won,2024-03-09,EDM,-185.0,1.54,0.65,0.4846235818730038,0.5153764181269961,0.4,2.5,150.0,BUF
"2024-03-09 - NSH 2, CBJ 1","2024-03-09 - NSH, CBJ",2024-03-09,NSH,2,CBJ,1,Lost,2024-03-09,NSH,-175.0,1.57,0.64,0.4472232244540801,0.5527767755459199,0.41,2.45,145.0,CBJ
"2024-03-09 - CAR 4, NJ 2","2024-03-09 - CAR, NJ",2024-03-09,CAR,4,NJ,2,Lost,2024-03-09,CAR,-150.0,1.67,0.6,0.4124943865125219,0.587505613487478,0.44,2.25,125.0,NJ
"2024-03-09 - PIT 1, BOS 5","2024-03-09 - PIT, BOS",2024-03-09,PIT,1,BOS,5,Won,2024-03-09,PIT,165.0,2.65,0.38,0.5091087625619068,0.4908912374380931,0.67,1.5,-200.0,BOS
"2024-03-09 - CGY 1, FLA 5","2024-03-09 - CGY, FLA",2024-03-09,CGY,1,FLA,5,Won,2024-03-09,CGY,180.0,2.8,0.36,0.4180370568968681,0.5819629431031319,0.69,1.44,-225.0,FLA
"2024-03-09 - TOR 3, MTL 2","2024-03-09 - TOR, MTL",2024-03-09,TOR,3,MTL,2,Lost,2024-03-09,TOR,-200.0,1.5,0.67,0.5,0.5,0.38,2.65,165.0,MTL
"2024-03-09 - OTT 1, SJ 2","2024-03-09 - OTT, SJ",2024-03-09,OTT,1,SJ,2,Won,2024-03-09,OTT,-225.0,1.44,0.69,0.5112766748862191,0.4887233251137808,0.36,2.8,180.0,SJ
"2024-03-09 - PHI 0, TB 7","2024-03-09 - PHI, TB",2024-03-09,PHI,0,TB,7,Won,2024-03-09,PHI,120.0,2.2,0.45,0.4644382774850463,0.5355617225149537,0.59,1.69,-145.0,TB
"2024-03-09 - CHI 1, WSH 4","2024-03-09 - CHI, WSH",2024-03-09,CHI,1,WSH,4,Won,2024-03-09,CHI,180.0,2.8,0.36,0.4399718046234338,0.5600281953765661,0.69,1.44,-225.0,WSH
"2024-03-09 - STL 0, NYR 4","2024-03-09 - STL, NYR",2024-03-09,STL,0,NYR,4,Won,2024-03-09,STL,,,,0.4817355632176316,0.5182644367823684,0.69,1.44,-225.0,NYR
"2024-03-09 - WPG 0, VAN 5","2024-03-09 - WPG, VAN",2024-03-09,WPG,0,VAN,5,Won,2024-03-09,WPG,120.0,2.2,0.45,0.4386233865110084,0.5613766134889918,0.59,1.69,-145.0,VAN
"2024-03-09 - DET 3, VGK 5","2024-03-09 - DET, VGK",2024-03-09,DET,3,VGK,5,Won,2024-03-09,DET,165.0,2.65,0.38,0.4770759006595481,0.5229240993404517,0.67,1.5,-200.0,VGK
"2024-03-09 - DAL 4, LA 1","2024-03-09 - DAL, LA",2024-03-09,DAL,4,LA,1,Lost,2024-03-09,DAL,-110.0,1.91,0.52,0.4877269852273018,0.5122730147726983,0.52,1.91,-110.0,LA
"2024-03-11 - STL 5, BOS 1","2024-03-11 - STL, BOS",2024-03-11,STL,5,BOS,1,Lost,2024-03-11,STL,,,,0.4647435244694573,0.5352564755305428,0.71,1.4,-250.0,BOS
"2024-03-11 - NJ 1, NYR 3","2024-03-11 - NJ, NYR",2024-03-11,NJ,1,NYR,3,Won,2024-03-11,NJ,115.0,2.15,0.47,0.4743943798905869,0.5256056201094129,0.57,1.74,-135.0,NYR
"2024-03-11 - WSH 0, WPG 3","2024-03-11 - WSH, WPG",2024-03-11,WSH,0,WPG,3,Won,2024-03-11,WSH,180.0,2.8,0.36,0.4455422212530057,0.5544577787469941,0.69,1.44,-225.0,WPG
"2024-03-11 - NYI 0, LA 3","2024-03-11 - NYI, LA",2024-03-11,NYI,0,LA,3,Won,2024-03-11,NYI,120.0,2.2,0.45,0.4720525697875735,0.5279474302124264,0.59,1.69,-145.0,LA
"2024-03-12 - DET 3, BUF 7","2024-03-12 - DET, BUF",2024-03-12,DET,3,BUF,7,Won,2024-03-12,DET,105.0,2.05,0.49,0.4136450105422432,0.5863549894577568,0.56,1.8,-125.0,BUF
"2024-03-12 - NYR 1, CAR 0","2024-03-12 - NYR, CAR",2024-03-12,NYR,1,CAR,0,Lost,2024-03-12,NYR,140.0,2.4,0.42,0.4390338940951235,0.5609661059048765,0.62,1.61,-165.0,CAR
"2024-03-12 - CBJ 0, MTL 3","2024-03-12 - CBJ, MTL",2024-03-12,CBJ,0,MTL,3,Won,2024-03-12,CBJ,100.0,2.0,0.5,0.4744531462586909,0.525546853741309,0.55,1.83,-120.0,MTL
"2024-03-12 - PIT 1, OTT 2","2024-03-12 - PIT, OTT",2024-03-12,PIT,1,OTT,2,Won,2024-03-12,PIT,-115.0,1.87,0.53,0.4555477213340184,0.5444522786659814,0.51,1.95,-105.0,OTT
"2024-03-12 - SJ 2, PHI 3","2024-03-12 - SJ, PHI",2024-03-12,SJ,2,PHI,3,Won,2024-03-12,SJ,260.0,3.6,0.28,0.4339847562206155,0.5660152437793845,0.78,1.29,-350.0,PHI
"2024-03-12 - FLA 4, DAL 3","2024-03-12 - FLA, DAL",2024-03-12,FLA,4,DAL,3,Lost,2024-03-12,FLA,-110.0,1.91,0.52,0.4578316303644373,0.5421683696355626,0.52,1.91,-110.0,DAL
"2024-03-12 - ARI 1, MIN 4","2024-03-12 - ARI, MIN",2024-03-12,ARI,1,MIN,4,Won,2024-03-12,ARI,165.0,2.65,0.38,0.4790517791287744,0.5209482208712257,0.67,1.5,-200.0,MIN
"2024-03-12 - ANA 2, CHI 7","2024-03-12 - ANA, CHI",2024-03-12,ANA,2,CHI,7,Won,2024-03-12,ANA,-105.0,1.95,0.51,0.4304192096129182,0.5695807903870819,0.53,1.87,-115.0,CHI
"2024-03-12 - COL 6, CGY 2","2024-03-12 - COL, CGY",2024-03-12,COL,6,CGY,2,Lost,2024-03-12,COL,-175.0,1.57,0.64,0.469820347434729,0.5301796525652708,0.41,2.45,145.0,CGY
"2024-03-12 - VGK 5, SEA 4","2024-03-12 - VGK, SEA",2024-03-12,VGK,5,SEA,4,Lost,2024-03-12,VGK,-145.0,1.69,0.59,0.4276394651434991,0.5723605348565008,0.45,2.2,120.0,SEA
"2024-03-13 - LA 1, STL 3","2024-03-13 - LA, STL",2024-03-13,LA,1,STL,3,Won,2024-03-13,LA,-155.0,1.65,0.61,0.5,0.5,,,,STL
"2024-03-13 - NSH 4, WPG 2","2024-03-13 - NSH, WPG",2024-03-13,NSH,4,WPG,2,Lost,2024-03-13,NSH,135.0,2.35,0.43,0.4812952657640748,0.518704734235925,0.62,1.62,-160.0,WPG
"2024-03-13 - WSH 2, EDM 7","2024-03-13 - WSH, EDM",2024-03-13,WSH,2,EDM,7,Won,2024-03-13,WSH,240.0,3.4,0.29,0.388156866273178,0.6118431337268219,0.75,1.33,-300.0,EDM
"2024-03-13 - COL 4, VAN 3","2024-03-13 - COL, VAN",2024-03-13,COL,4,VAN,3,Lost,2024-03-13,COL,-105.0,1.95,0.51,0.458129308158173,0.5418706918418271,0.53,1.87,-115.0,VAN
"2024-03-14 - NYI 0, BUF 4","2024-03-14 - NYI, BUF",2024-03-14,NYI,0,BUF,4,Won,2024-03-14,NYI,-115.0,1.87,0.53,0.5257234384054076,0.4742765615945924,0.51,1.95,-105.0,BUF
"2024-03-14 - FLA 0, CAR 4","2024-03-14 - FLA, CAR",2024-03-14,FLA,0,CAR,4,Won,2024-03-14,FLA,100.0,2.0,0.5,0.4422313723177632,0.557768628,0.55,1.83,-120.0,CAR
"2024-03-14 - OTT 3, CBJ 2","2024-03-14 - OTT, CBJ",2024-03-14,OTT,3,CBJ,2,Lost,2024-03-14,OTT,-125.0,1.8,0.56,0.4741656342345628,0.5258343657654372,0.49,2.05,105.0,CBJ
"2024-03-14 - ARI 4, DET 1","2024-03-14 - ARI, DET",2024-03-14,ARI,4,DET,1,Lost,2024-03-14,ARI,135.0,2.35,0.43,0.5156434019241692,0.484356598,0.62,1.62,-160.0,DET
"2024-03-14 - BOS 2, MTL 1","2024-03-14 - BOS, MTL",2024-03-14,BOS,2,MTL,1,Lost,2024-03-14,BOS,-225.0,1.44,0.69,0.5111975835921584,0.4888024164078415,0.36,2.8,180.0,MTL
"2024-03-14 - TOR 6, PHI 2","2024-03-14 - TOR, PHI",2024-03-14,TOR,6,PHI,2,Lost,2024-03-14,TOR,-115.0,1.87,0.53,0.4639762713500309,0.5360237286499691,0.51,1.95,-105.0,PHI
"2024-03-14 - SJ 3, PIT 6","2024-03-14 - SJ, PIT",2024-03-14,SJ,3,PIT,6,Won,2024-03-14,SJ,260.0,3.6,0.28,0.4407729810820924,0.5592270189179076,0.78,1.29,-350.0,PIT
"2024-03-14 - NYR 3, TB 6","2024-03-14 - NYR, TB",2024-03-14,NYR,3,TB,6,Won,2024-03-14,NYR,-115.0,1.87,0.53,0.4529459518927899,0.547054048,0.51,1.95,-105.0,TB
"2024-03-14 - NJ 6, DAL 2","2024-03-14 - NJ, DAL",2024-03-14,NJ,6,DAL,2,Lost,2024-03-14,NJ,150.0,2.5,0.4,0.456841261424588,0.5431587385754119,0.65,1.54,-185.0,DAL
"2024-03-14 - ANA 0, MIN 2","2024-03-14 - ANA, MIN",2024-03-14,ANA,0,MIN,2,Won,2024-03-14,ANA,220.0,3.2,0.31,0.4171383412075568,0.5828616587924431,0.74,1.36,-275.0,MIN
"2024-03-14 - VGK 1, CGY 4","2024-03-14 - VGK, CGY",2024-03-14,VGK,1,CGY,4,Won,2024-03-14,VGK,-165.0,1.61,0.62,0.4309854057702504,0.5690145942297495,0.42,2.4,140.0,CGY
"2024-03-14 - WSH 2, SEA 1","2024-03-14 - WSH, SEA",2024-03-14,WSH,2,SEA,1,Lost,2024-03-14,WSH,145.0,2.45,0.41,0.4422109807409221,0.5577890192590778,0.64,1.57,-175.0,SEA
"2024-03-16 - BUF 1, DET 4","2024-03-16 - BUF, DET",2024-03-16,BUF,1,DET,4,Won,2024-03-16,BUF,-125.0,1.8,0.56,0.5368749778286385,0.4631250221713617,0.49,2.05,105.0,DET
"2024-03-16 - OTT 4, NYI 3","2024-03-16 - OTT, NYI",2024-03-16,OTT,4,NYI,3,Lost,2024-03-16,OTT,140.0,2.4,0.42,0.4660004060835009,0.5339995939164991,0.62,1.61,-165.0,NYI
"2024-03-16 - NYR 7, PIT 4","2024-03-16 - NYR, PIT",2024-03-16,NYR,7,PIT,4,Lost,2024-03-16,NYR,-145.0,1.69,0.59,0.4415768586802557,0.5584231413197442,0.45,2.2,120.0,PIT
"2024-03-16 - NJ 1, ARI 4","2024-03-16 - NJ, ARI",2024-03-16,NJ,1,ARI,4,Won,2024-03-16,NJ,-165.0,1.61,0.62,0.4557040341649062,0.5442959658350939,0.42,2.4,140.0,ARI
"2024-03-16 - TB 5, FLA 3","2024-03-16 - TB, FLA",2024-03-16,TB,5,FLA,3,Lost,2024-03-16,TB,145.0,2.45,0.41,0.4341051034721888,0.5658948965278113,0.64,1.57,-175.0,FLA
"2024-03-16 - PHI 5, BOS 6","2024-03-16 - PHI, BOS",2024-03-16,PHI,5,BOS,6,Won,2024-03-16,PHI,165.0,2.65,0.38,0.518871080264103,0.4811289197358971,0.67,1.5,-200.0,BOS
"2024-03-16 - SJ 2, CBJ 4","2024-03-16 - SJ, CBJ",2024-03-16,SJ,2,CBJ,4,Won,2024-03-16,SJ,165.0,2.65,0.38,0.4466370123091291,0.5533629876908709,0.67,1.5,-200.0,CBJ
"2024-03-16 - MTL 2, CGY 5","2024-03-16 - MTL, CGY",2024-03-16,MTL,2,CGY,5,Won,2024-03-16,MTL,140.0,2.4,0.42,0.4375430384033638,0.5624569615966362,0.62,1.61,-165.0,CGY
"2024-03-16 - CAR 5, TOR 4","2024-03-16 - CAR, TOR",2024-03-16,CAR,5,TOR,4,Lost,2024-03-16,CAR,-130.0,1.77,0.56,0.477439081677444,0.5225609183225559,0.48,2.1,110.0,TOR
"2024-03-16 - LA 1, DAL 4","2024-03-16 - LA, DAL",2024-03-16,LA,1,DAL,4,Won,2024-03-16,LA,140.0,2.4,0.42,0.4308587154197058,0.5691412845802943,0.62,1.61,-165.0,DAL
"2024-03-16 - MIN 2, STL 3","2024-03-16 - MIN, STL",2024-03-16,MIN,2,STL,3,Won,2024-03-16,MIN,-130.0,1.77,0.56,0.5249934103708764,0.4750065896291235,,,,STL
"2024-03-16 - COL 3, EDM 2","2024-03-16 - COL, EDM",2024-03-16,COL,3,EDM,2,Lost,2024-03-16,COL,110.0,2.1,0.48,0.4406241532649192,0.5593758467350808,0.56,1.77,-130.0,EDM
"2024-03-16 - NSH 4, SEA 1","2024-03-16 - NSH, SEA",2024-03-16,NSH,4,SEA,1,Lost,2024-03-16,NSH,-120.0,1.83,0.55,0.4875963232935475,0.5124036767064526,0.5,2.0,100.0,SEA
"2024-03-16 - WSH 2, VAN 1","2024-03-16 - WSH, VAN",2024-03-16,WSH,2,VAN,1,Lost,2024-03-16,WSH,180.0,2.8,0.36,0.4332286022501926,0.5667713977498074,0.69,1.44,-225.0,VAN
"2024-03-17 - NYI 2, NYR 5","2024-03-17 - NYI, NYR",2024-03-17,NYI,2,NYR,5,Won,2024-03-17,NYI,130.0,2.3,0.43,0.4666296708054236,0.5333703291945764,0.61,1.65,-155.0,NYR
"2024-03-17 - NJ 1, VGK 3","2024-03-17 - NJ, VGK",2024-03-17,NJ,1,VGK,3,Won,2024-03-17,NJ,150.0,2.5,0.4,0.4774985452485436,0.5225014547514563,0.65,1.54,-185.0,VGK
"2024-03-17 - WPG 6, CBJ 1","2024-03-17 - WPG, CBJ",2024-03-17,WPG,6,CBJ,1,Lost,2024-03-17,WPG,-250.0,1.4,0.71,0.4634340064680436,0.5365659935319562,0.33,3.0,200.0,CBJ
"2024-03-17 - SJ 2, CHI 5","2024-03-17 - SJ, CHI",2024-03-17,SJ,2,CHI,5,Won,2024-03-17,SJ,140.0,2.4,0.42,0.4371230842597285,0.5628769157402713,0.62,1.61,-165.0,CHI
"2024-03-17 - CAR 7, OTT 2","2024-03-17 - CAR, OTT",2024-03-17,CAR,7,OTT,2,Lost,2024-03-17,CAR,-200.0,1.5,0.67,0.4422047378110265,0.5577952621889736,0.38,2.65,165.0,OTT
"2024-03-17 - DET 3, PIT 6","2024-03-17 - DET, PIT",2024-03-17,DET,3,PIT,6,Won,2024-03-17,DET,120.0,2.2,0.45,0.4146421457635989,0.5853578542364012,0.59,1.69,-145.0,PIT
"2024-03-17 - ANA 2, STL 4","2024-03-17 - ANA, STL",2024-03-17,ANA,2,STL,4,Won,2024-03-17,ANA,170.0,2.7,0.37,0.4432786627968087,0.5567213372031912,,,,STL
"2024-03-18 - WSH 5, CGY 2","2024-03-18 - WSH, CGY",2024-03-18,WSH,5,CGY,2,Lost,2024-03-18,WSH,110.0,2.1,0.48,0.4590747797473579,0.540925220252642,0.56,1.77,-130.0,CGY
"2024-03-18 - BUF 6, SEA 2","2024-03-18 - BUF, SEA",2024-03-18,BUF,6,SEA,2,Lost,2024-03-18,BUF,100.0,2.0,0.5,0.5072548611512312,0.4927451388487687,0.55,1.83,-120.0,SEA
