Game,Team,days_of_rest,CA,CF,FA,FF,GA,GF,HDCA,HDCF,HDGA,HDGF,HDSA,HDSF,LDCA,LDCF,LDGA,LDGF,LDSA,LDSF,MDCA,MDCF,MDGA,MDGF,MDSA,MDSF,PDO,SA,SCA,SCF,SF,xGA,xGF
"2021-01-14 - CGY 3, WPG 4",WPG,,,,,,,,,,,,,,,,,,,,,,,,,,,,,,,,
"2021-01-18 - WPG 1, TOR 3",WPG,3.0,,,,,,,,,,,,,,,,,,,,,,,,,,,,,,,
"2021-01-19 - WPG 4, OTT 3",WPG,0.0,,,,,,,,,,,,,,,,,,,,,,,,,,,,,,,
"2021-01-21 - WPG 4, OTT 1",WPG,1.0,,,,,,,,,,,,,,,,,,,,,,,,,,,,,,,
"2021-01-23 - OTT 3, WPG 6",WPG,1.0,,,,,,,,,,,,,,,,,,,,,,,,,,,,,,,
"2021-01-24 - EDM 4, WPG 3",WPG,0.0,,,,,,,,,,,,,,,,,,,,,,,,,,,,,,,
"2021-01-26 - EDM 4, WPG 6",WPG,1.0,,,,,,,,,,,,,,,,,,,,,,,,,,,,,,,
"2021-01-30 - VAN 4, WPG 1",WPG,3.0,,,,,,,,,,,,,,,,,,,,,,,,,,,,,,,
"2021-02-01 - CGY 4, WPG 3",WPG,1.0,,,,,,,,,,,,,,,,,,,,,,,,,,,,,,,
"2021-02-02 - CGY 2, WPG 3",WPG,0.0,,,,,,,,,,,,,,,,,,,,,,,,,,,,,,,
"2021-02-04 - CGY 1, WPG 4",WPG,1.0,55.8,55.3,42.8,41.8,3.0,3.5,13.0,10.3,1.7,1.8,9.3,7.0,24.5,24.1,0.2,0.7,13.0,13.1,14.6,17.7,0.9,0.9,7.2,8.8,1.0131,31.7,27.6,28.0,30.8,2.944,2.774
"2021-02-09 - WPG 2, CGY 3",WPG,4.0,56.0,54.2,43.1,41.7,2.8,3.5,13.5,9.9,1.7,2.0,9.5,6.7,24.2,23.7,0.2,0.6,12.8,12.9,14.4,17.3,0.7,0.8,7.2,8.5,1.0235,31.5,27.9,27.2,30.1,3.023,2.732
"2021-02-11 - OTT 1, WPG 5",WPG,1.0,55.0,53.4,42.0,40.9,2.8,3.6,13.3,9.7,1.6,2.1,9.3,6.7,24.1,23.6,0.1,0.7,12.6,13.1,13.3,16.8,0.9,0.7,6.7,8.3,1.0249,30.6,26.6,26.5,30.0,2.758,2.633
"2021-02-13 - OTT 2, WPG 1",WPG,1.0,55.6,52.9,42.1,41.1,2.6,3.7,13.8,9.7,1.5,2.1,9.4,6.4,23.2,23.2,0.0,0.8,11.7,12.8,14.1,17.3,0.9,0.7,7.5,8.8,1.0347,30.7,27.9,27.0,29.8,2.832,2.629
"2021-02-15 - WPG 6, EDM 5",WPG,1.0,56.2,53.4,42.6,41.0,2.7,3.4,13.8,10.4,1.6,1.9,9.2,6.9,23.9,23.6,0.0,0.7,12.2,13.0,14.5,16.4,0.9,0.7,7.3,8.2,1.0207,30.7,28.3,26.8,30.0,2.857,2.6060000000000003
"2021-02-17 - WPG 2, EDM 3",WPG,1.0,59.3,51.6,45.6,39.2,2.9,3.4,14.1,9.5,1.7,1.8,9.5,6.4,25.0,22.9,0.1,0.6,13.2,12.4,16.3,16.5,0.9,0.9,8.3,8.1,1.0331,33.1,30.4,26.0,28.6,3.026,2.379
"2021-02-19 - WPG 2, VAN 0",WPG,1.0,57.6,52.0,44.6,38.6,2.8,3.3,12.8,9.0,1.7,1.7,8.4,5.7,24.4,22.7,0.1,0.6,13.0,12.6,16.7,17.8,0.8,0.9,8.9,8.7,1.0314,32.3,29.5,26.8,28.3,2.905,2.33
"2021-02-21 - WPG 4, VAN 3",WPG,1.0,59.9,51.5,45.6,38.6,2.4,2.9,13.5,9.0,1.7,1.5,9.0,6.0,24.7,21.9,0.1,0.5,12.6,12.1,17.8,17.7,0.4,0.9,9.2,8.5,1.0351,32.6,31.3,26.7,28.1,3.13,2.333
"2021-02-25 - MTL 3, WPG 6",WPG,3.0,61.0,50.8,46.0,38.1,2.3,3.2,13.8,9.0,1.6,1.7,8.8,6.5,24.9,22.4,0.1,0.6,12.2,12.6,18.7,17.0,0.5,0.9,9.6,8.5,1.0453,32.1,32.5,26.0,28.8,3.168,2.304
"2021-02-27 - MTL 1, WPG 2",WPG,1.0,59.4,51.7,44.8,39.1,2.3,3.5,13.0,9.1,1.6,2.0,8.7,6.4,25.0,23.0,0.1,0.4,12.1,12.9,18.1,17.2,0.6,1.1,9.4,8.7,1.051,31.4,31.1,26.3,29.0,3.048,2.554
"2021-03-01 - VAN 4, WPG 0",WPG,1.0,60.6,50.5,46.5,38.3,2.2,3.4,13.2,9.5,1.4,1.9,8.6,6.6,25.5,21.5,0.2,0.4,12.5,12.2,19.2,17.2,0.6,1.1,10.2,8.6,1.0537999999999998,32.4,32.4,26.7,28.3,3.0889999999999995,2.63
"2021-03-02 - VAN 2, WPG 5",WPG,0.0,59.0,51.5,45.6,38.6,2.5,3.0,12.9,9.4,1.5,1.6,8.7,6.5,25.0,21.8,0.3,0.4,12.3,12.1,18.4,17.5,0.7,1.0,9.6,8.8,1.0220999999999998,31.9,31.3,26.9,28.3,3.065,2.626
"2021-03-04 - WPG 4, MTL 3",WPG,1.0,59.3,53.8,45.8,40.4,2.4,3.3,12.4,10.3,1.4,1.8,8.3,7.4,25.8,21.9,0.3,0.3,12.6,11.6,18.6,18.8,0.7,1.1,9.9,9.4,1.0317999999999998,32.3,31.0,29.1,29.5,3.046,2.837
"2021-03-06 - WPG 1, MTL 7",WPG,1.0,59.1,54.2,44.8,40.4,2.6,3.2,11.3,10.7,1.5,1.8,7.6,8.0,27.2,22.3,0.3,0.2,13.5,11.6,17.5,18.1,0.7,1.1,8.6,8.8,1.0215,31.7,28.8,28.8,29.6,2.826,2.865
"2021-03-09 - WPG 4, TOR 3",WPG,2.0,59.0,53.0,44.6,40.0,3.1,3.2,11.2,10.0,1.7,1.8,7.9,7.4,27.3,21.8,0.4,0.2,13.1,11.7,17.1,18.2,0.9,1.1,8.7,9.2,1.0036,31.6,28.3,28.2,29.4,2.813,2.848
"2021-03-11 - WPG 3, TOR 4",WPG,1.0,58.5,52.7,44.1,40.7,2.9,3.0,12.2,10.0,1.7,1.8,8.9,7.4,25.7,21.6,0.3,0.3,12.1,11.4,17.2,17.9,0.8,0.8,8.3,9.2,0.9994,31.0,29.4,27.9,29.3,2.841,2.9
"2021-03-13 - WPG 5, TOR 2",WPG,1.0,60.6,50.1,45.7,39.8,3.0,3.1,13.6,9.8,1.7,1.9,9.7,7.5,25.8,20.9,0.4,0.3,12.1,11.2,17.5,16.4,0.8,0.8,8.3,8.4,1.0043,31.8,31.1,26.2,28.5,2.875,2.811
"2021-03-15 - MTL 4, WPG 2",WPG,1.0,58.8,50.9,44.3,40.1,3.2,3.4,12.7,9.7,1.7,2.0,9.3,7.2,25.3,22.0,0.4,0.3,11.9,11.8,17.6,16.6,1.0,1.0,8.4,8.5,1.0043,31.1,30.3,26.3,28.6,2.6830000000000003,2.711
"2021-03-17 - MTL 3, WPG 4",WPG,1.0,57.8,52.6,43.9,41.6,3.3,3.2,12.9,10.5,1.9,1.8,9.8,7.6,24.8,23.1,0.4,0.2,11.2,12.1,16.8,16.3,0.9,1.1,8.3,8.2,0.9929,30.8,29.7,26.8,29.1,2.832,2.841
"2021-03-18 - WPG 1, EDM 2",WPG,0.0,60.6,51.1,45.1,40.2,3.3,3.0,13.2,10.7,1.9,1.8,10.1,8.1,26.0,21.9,0.4,0.2,11.9,11.3,17.6,15.6,0.9,0.9,8.8,8.2,0.9922,32.3,30.8,26.3,29.1,2.951,2.651
"2021-03-20 - WPG 2, EDM 4",WPG,1.0,56.9,52.2,42.2,40.7,3.4,2.9,12.2,9.9,1.9,1.8,9.7,7.6,24.4,23.5,0.3,0.2,10.9,12.2,16.4,15.7,1.1,0.8,8.2,8.2,0.9796,30.3,28.6,25.6,29.5,2.8,2.5810000000000004
"2021-03-22 - WPG 4, VAN 0",WPG,1.0,60.5,51.5,44.0,40.5,3.4,3.1,12.9,10.2,1.7,2.0,10.2,7.9,24.8,23.3,0.2,0.2,11.1,12.5,18.5,15.3,1.3,0.8,9.3,7.9,0.9963,32.1,31.4,25.5,29.9,3.016,2.548
"2021-03-24 - WPG 5, VAN 1",WPG,1.0,60.1,51.7,43.4,40.2,3.2,3.0,12.6,10.1,1.7,1.8,9.9,7.4,24.5,22.7,0.2,0.2,11.0,12.0,18.7,15.5,1.1,1.0,8.9,8.0,1.0033,31.0,31.3,25.6,28.9,3.003,2.446
"2021-03-26 - WPG 3, CGY 2",WPG,1.0,60.3,51.7,43.7,40.7,3.0,3.1,13.4,9.9,1.6,1.9,10.5,7.6,24.0,22.6,0.2,0.2,10.8,12.5,18.9,15.6,1.1,0.9,9.4,8.0,1.0081,31.3,32.3,25.5,29.8,3.257,2.595
"2021-03-27 - WPG 2, CGY 4",WPG,0.0,61.4,50.8,43.8,40.4,2.5,3.3,13.6,10.3,1.4,2.1,10.6,8.1,24.5,21.7,0.1,0.2,10.5,12.0,19.3,15.3,0.9,0.9,9.2,7.9,1.0326,31.2,32.9,25.6,29.8,3.321,2.6049999999999995
"2021-03-29 - WPG 5, CGY 1",WPG,1.0,60.4,51.4,43.3,40.2,2.6,3.1,12.1,10.6,1.2,1.9,9.4,8.5,26.1,21.9,0.4,0.1,11.0,11.8,18.1,15.4,0.9,1.0,9.3,7.9,1.0191,30.6,30.2,26.0,29.9,3.2060000000000004,2.582
"2021-03-31 - TOR 3, WPG 1",WPG,1.0,58.5,51.7,42.4,40.0,2.3,3.3,11.2,10.7,1.1,2.1,9.1,8.7,26.1,22.4,0.3,0.0,11.2,12.0,17.3,15.0,0.8,1.1,8.6,7.7,1.0323999999999998,29.8,28.5,25.7,30.1,3.164,2.587
"2021-04-02 - TOR 2, WPG 1",WPG,1.0,58.3,51.4,42.5,39.1,2.4,2.9,12.2,10.3,1.4,1.8,9.7,8.2,26.0,23.2,0.3,0.1,11.7,12.5,15.7,14.3,0.6,0.9,7.8,7.3,1.0181,30.2,27.9,24.6,29.6,3.254,2.527
"2021-04-05 - OTT 3, WPG 4",WPG,2.0,58.6,51.2,43.0,38.4,2.1,2.8,12.3,9.9,1.0,1.8,9.7,7.8,26.0,22.3,0.3,0.1,12.4,12.1,15.8,15.3,0.7,0.8,7.9,7.8,1.0259,30.9,28.1,25.2,29.2,3.101,2.425
"2021-04-08 - WPG 4, MTL 2",WPG,2.0,55.6,54.6,41.5,40.8,2.1,2.8,11.9,10.4,1.0,1.5,9.4,8.0,24.3,24.4,0.3,0.1,11.7,13.5,15.2,16.3,0.7,1.1,7.5,8.0,1.0166,29.6,27.1,26.7,30.8,2.982,2.615
"2021-04-10 - WPG 5, MTL 0",WPG,1.0,57.7,54.8,43.5,40.7,2.1,3.1,12.6,10.7,1.1,1.5,10.0,8.4,25.1,23.8,0.3,0.1,12.7,12.9,15.4,16.8,0.6,1.3,7.3,8.2,1.0317,31.3,28.0,27.5,31.0,3.116,2.647
"2021-04-12 - WPG 2, OTT 4",WPG,1.0,54.6,55.0,41.5,40.6,1.7,3.4,12.2,11.3,1.1,1.5,9.5,8.9,24.5,23.5,0.3,0.3,12.7,12.1,13.9,16.5,0.3,1.4,6.2,8.0,1.0561,29.5,26.1,27.8,30.4,2.861,2.726
"2021-04-14 - WPG 3, OTT 2",WPG,1.0,53.5,54.1,41.0,39.5,2.1,3.2,13.2,11.5,1.4,1.4,10.3,9.2,23.6,23.5,0.3,0.4,12.5,12.2,12.6,15.8,0.4,1.2,5.5,7.3,1.0333,29.7,25.8,27.3,30.1,2.935,2.756
"2021-04-15 - WPG 5, TOR 2",WPG,0.0,51.2,53.9,39.8,39.2,2.2,3.0,12.6,11.0,1.4,1.2,9.7,8.6,22.8,23.1,0.4,0.4,12.4,12.0,11.7,16.3,0.4,1.3,5.1,7.9,1.0237,28.7,24.3,27.3,30.0,2.716,2.641
"2021-04-17 - EDM 3, WPG 0",WPG,1.0,51.3,53.4,40.6,38.4,2.2,3.2,12.2,10.4,1.4,1.1,9.2,8.3,22.5,23.1,0.4,0.5,12.6,12.0,12.7,16.3,0.4,1.4,6.1,7.7,1.0356,29.3,24.9,26.7,29.5,2.664,2.54
"2021-04-22 - TOR 5, WPG 3",WPG,4.0,50.8,54.0,39.4,39.0,2.1,3.0,13.1,9.8,1.5,1.1,9.6,7.7,21.0,23.3,0.2,0.5,11.6,12.5,12.6,17.0,0.4,1.2,5.7,7.6,1.0274,28.5,25.7,26.8,29.7,2.668,2.516
"2021-04-24 - TOR 4, WPG 1",WPG,1.0,50.2,56.1,38.7,40.5,2.5,2.8,12.7,10.1,1.7,1.1,9.2,8.0,20.6,24.3,0.2,0.5,11.5,13.2,12.5,17.7,0.6,1.0,6.2,7.6,1.0065,28.8,25.2,27.8,30.5,2.623,2.588
"2021-04-26 - EDM 6, WPG 1",WPG,1.0,51.8,55.9,40.2,40.9,2.6,2.8,13.2,9.7,1.7,1.2,9.7,8.0,21.0,23.2,0.2,0.4,11.4,12.3,13.7,18.6,0.7,1.0,7.0,8.1,1.0073,29.9,26.9,28.3,30.4,2.896,2.585
"2021-04-28 - EDM 3, WPG 1",WPG,1.0,50.8,56.5,38.7,41.4,3.1,2.8,12.0,9.9,1.9,1.2,8.7,8.1,20.8,23.0,0.2,0.4,11.0,12.3,14.3,19.1,1.0,1.0,7.5,8.6,0.9895,29.1,26.3,29.0,30.9,2.779,2.624
"2021-04-30 - WPG 3, MTL 5",WPG,1.0,52.1,53.9,38.9,39.6,3.1,2.5,12.1,9.1,1.8,1.1,9.0,7.3,20.4,21.3,0.3,0.4,10.6,11.6,15.5,18.7,1.0,0.8,8.1,8.4,0.986,29.5,27.6,27.8,29.3,2.905,2.435
"2021-05-03 - WPG 1, OTT 2",WPG,2.0,52.2,52.6,38.5,38.7,3.4,2.4,12.5,8.9,1.9,1.2,9.0,7.0,19.6,21.2,0.3,0.4,10.0,11.9,15.8,17.8,1.1,0.7,8.3,8.1,0.9758,29.2,28.3,26.7,28.8,2.967,2.417
"2021-05-05 - WPG 4, CGY 0",WPG,1.0,51.5,53.7,38.1,39.1,3.6,2.0,11.8,7.8,2.0,1.0,8.7,6.0,20.1,21.9,0.4,0.2,10.3,12.7,15.4,19.2,1.1,0.7,8.2,8.6,0.9481,29.1,27.2,27.0,29.2,2.915,2.332
"2021-05-08 - OTT 4, WPG 2",WPG,2.0,53.2,52.0,39.4,38.3,3.2,2.2,10.9,7.7,1.7,1.3,8.2,5.9,20.9,21.4,0.4,0.1,10.4,12.3,17.2,18.3,1.0,0.7,9.6,8.3,0.9782,29.9,28.1,26.0,28.5,2.922,2.245
"2021-05-10 - VAN 3, WPG 1",WPG,1.0,53.9,53.1,39.2,38.6,3.4,2.1,11.4,7.8,1.9,1.2,8.6,6.0,21.0,22.2,0.3,0.1,9.5,12.1,17.8,18.6,1.1,0.7,9.6,7.8,0.966,29.3,29.2,26.4,27.9,3.002,2.223
"2021-05-11 - VAN 0, WPG 5",WPG,0.0,53.1,56.3,38.6,41.2,3.5,1.7,11.7,8.0,1.9,1.1,8.9,5.8,20.4,24.1,0.3,0.0,9.4,13.1,17.0,19.9,1.2,0.6,9.1,8.6,0.944,29.1,28.7,27.9,29.5,3.084,2.372
"2021-05-14 - TOR 2, WPG 4",WPG,2.0,51.5,56.6,38.2,41.2,3.2,2.2,10.5,9.1,1.7,1.5,8.1,6.8,20.7,23.2,0.2,0.0,10.2,12.7,16.7,20.2,1.2,0.7,9.1,9.3,0.9699000000000002,29.0,27.2,29.3,30.5,2.9929999999999994,2.486
"2021-10-13 - WPG 1, ANA 4",WPG,,,,,,,,,,,,,,,,,,,,,,,,,,,,,,,,
"2021-10-16 - WPG 3, SJ 4",WPG,2.0,,,,,,,,,,,,,,,,,,,,,,,,,,,,,,,
"2021-10-19 - WPG 5, MIN 6",WPG,2.0,,,,,,,,,,,,,,,,,,,,,,,,,,,,,,,
"2021-10-21 - ANA 1, WPG 5",WPG,1.0,,,,,,,,,,,,,,,,,,,,,,,,,,,,,,,
"2021-10-23 - NSH 4, WPG 6",WPG,1.0,,,,,,,,,,,,,,,,,,,,,,,,,,,,,,,
"2021-10-26 - WPG 4, ANA 3",WPG,2.0,,,,,,,,,,,,,,,,,,,,,,,,,,,,,,,
"2021-10-28 - WPG 3, LA 2",WPG,1.0,,,,,,,,,,,,,,,,,,,,,,,,,,,,,,,
"2021-10-30 - WPG 1, SJ 2",WPG,1.0,,,,,,,,,,,,,,,,,,,,,,,,,,,,,,,
"2021-11-02 - DAL 3, WPG 4",WPG,2.0,,,,,,,,,,,,,,,,,,,,,,,,,,,,,,,
"2021-11-05 - CHI 1, WPG 5",WPG,2.0,,,,,,,,,,,,,,,,,,,,,,,,,,,,,,,
"2021-11-06 - NYI 2, WPG 0",WPG,0.0,56.4,57.9,42.9,42.3,3.0,3.6,12.2,10.4,2.1,1.7,9.4,8.0,24.0,26.5,0.3,0.7,11.5,12.1,17.0,17.8,0.6,1.1,8.7,8.8,1.0265,31.4,29.2,28.2,30.2,2.9170000000000003,2.91
"2021-11-09 - STL 3, WPG 2",WPG,2.0,57.8,57.2,44.2,41.6,2.8,3.5,12.5,10.3,2.0,1.7,9.4,7.9,24.3,26.2,0.3,0.6,11.9,12.1,17.6,17.8,0.5,1.1,9.1,7.9,1.0352,32.3,30.1,28.1,29.2,2.97,2.748
"2021-11-11 - SJ 1, WPG 4",WPG,1.0,57.4,59.2,43.8,44.3,2.6,3.4,12.4,11.5,1.9,1.7,9.3,8.8,23.3,27.2,0.2,0.7,11.9,13.5,18.2,17.7,0.5,0.9,9.3,7.6,1.0339,32.5,30.6,29.2,31.0,2.871,2.991
"2021-11-13 - LA 2, WPG 3",WPG,1.0,56.4,60.2,42.8,45.8,2.1,3.3,12.3,13.5,1.4,2.0,8.7,9.9,22.5,26.4,0.2,0.7,11.3,13.5,17.6,17.9,0.5,0.5,8.4,6.9,1.039,30.8,29.9,31.4,31.4,2.825,3.304
"2021-11-16 - EDM 2, WPG 5",WPG,2.0,55.1,59.8,41.8,45.5,2.2,3.1,11.8,13.8,1.4,1.9,8.2,10.0,20.7,26.1,0.2,0.7,9.9,13.3,18.3,17.7,0.6,0.5,9.2,7.0,1.0291,29.8,30.1,31.5,31.0,2.726,3.158
"2021-11-18 - WPG 1, EDM 2",WPG,1.0,54.2,60.4,41.6,46.3,2.0,3.0,11.4,13.9,1.1,1.6,7.7,10.0,21.2,26.9,0.3,0.8,11.2,13.8,17.4,17.2,0.6,0.5,8.8,7.0,1.0301,30.2,28.8,31.1,31.6,2.741,3.136
"2021-11-19 - WPG 2, VAN 3",WPG,0.0,53.8,62.3,41.2,48.1,1.8,2.7,10.5,13.9,1.2,1.6,7.1,10.4,21.8,28.1,0.2,0.7,11.8,14.8,17.7,17.7,0.4,0.3,8.7,7.7,1.0217,29.9,28.2,31.6,33.8,2.669,3.233
"2021-11-22 - PIT 3, WPG 1",WPG,2.0,53.0,63.2,40.9,48.3,1.9,2.6,9.6,13.4,1.1,1.6,6.5,9.9,21.5,28.6,0.3,0.7,11.2,15.0,18.0,18.4,0.5,0.2,9.3,8.7,1.0131,29.6,27.6,31.8,34.6,2.584,3.12
"2021-11-24 - WPG 0, CBJ 3",WPG,1.0,53.2,61.5,40.8,47.5,2.0,2.6,9.9,13.7,1.3,1.6,6.5,9.9,21.8,27.8,0.3,0.7,11.7,15.2,17.9,17.4,0.4,0.2,9.1,8.2,1.0107000000000002,29.6,27.8,31.1,34.2,2.714,3.085
"2021-11-26 - WPG 1, MIN 7",WPG,1.0,53.3,61.3,41.6,47.3,2.0,2.3,9.5,13.4,1.1,1.4,6.3,9.8,22.4,27.9,0.4,0.6,12.2,15.0,17.9,17.6,0.4,0.2,9.2,8.6,1.0038,30.1,27.4,31.0,34.3,2.701,3.082
"2021-11-27 - WPG 4, CGY 2",WPG,0.0,55.0,61.5,43.9,47.8,2.6,1.9,10.2,12.9,1.2,1.0,6.9,9.2,23.4,29.2,0.7,0.7,13.3,15.6,18.0,16.8,0.6,0.1,9.6,8.4,0.979,32.1,28.2,29.7,34.1,2.8600000000000003,3.05
"2021-11-29 - ARI 1, WPG 0",WPG,1.0,56.2,59.7,44.0,47.2,2.6,2.3,10.4,13.3,1.1,1.2,7.4,9.9,24.2,27.9,0.8,0.8,13.5,14.9,18.2,15.7,0.6,0.1,9.5,8.6,0.9942,32.6,28.6,29.0,34.5,2.851,3.157
"2021-12-03 - NJ 4, WPG 8",WPG,3.0,53.8,60.0,42.4,47.3,2.5,2.1,10.0,12.9,1.1,1.1,6.9,9.9,24.1,28.4,0.8,0.7,13.2,15.2,16.6,16.1,0.5,0.1,8.7,8.9,0.9887,30.8,26.6,29.0,35.0,2.745,3.226
"2021-12-05 - TOR 3, WPG 6",WPG,1.0,53.8,58.9,42.9,46.8,2.8,2.5,10.1,11.5,1.2,1.1,7.1,9.5,23.9,28.7,0.8,0.9,12.9,16.0,16.9,15.9,0.7,0.3,9.9,9.0,0.9898,31.8,27.0,27.4,35.6,2.784,3.047
"2021-12-07 - CAR 4, WPG 2",WPG,1.0,54.8,60.1,43.6,48.4,2.9,2.8,10.8,12.1,1.2,1.4,7.9,10.1,24.9,28.3,0.9,0.8,13.1,16.4,16.6,17.0,0.7,0.4,9.8,9.7,0.9898,32.4,27.4,29.1,37.4,2.929,3.2090000000000005
"2021-12-09 - WPG 3, SEA 0",WPG,1.0,55.1,58.4,43.4,46.1,3.1,2.5,12.0,11.2,1.5,1.4,8.8,9.3,23.7,27.5,0.8,0.6,12.5,16.0,16.7,16.9,0.7,0.4,9.5,9.1,0.9807,32.4,28.7,28.1,35.7,3.145,3.034
"2021-12-10 - WPG 3, VAN 4",WPG,0.0,55.0,57.7,42.7,45.5,3.0,2.7,12.3,10.6,1.4,1.5,9.1,8.5,24.1,27.2,0.8,0.5,12.0,15.4,15.9,16.9,0.7,0.6,9.1,9.0,0.9908,31.7,28.2,27.5,34.3,3.128,2.942
"2021-12-14 - BUF 4, WPG 2",WPG,3.0,56.9,57.7,43.7,45.8,3.0,2.8,13.6,11.0,1.6,1.4,10.0,8.9,24.3,26.5,0.8,0.6,12.2,15.2,16.4,17.5,0.5,0.7,9.0,8.6,0.9958,32.4,30.0,28.5,34.1,3.3239999999999994,3.046
"2021-12-17 - WSH 5, WPG 2",WPG,2.0,55.2,59.5,43.0,47.2,3.1,2.9,13.1,11.5,1.4,1.4,9.4,9.3,24.0,26.8,0.8,0.6,12.2,14.6,15.7,18.6,0.8,0.8,8.9,9.4,0.9916,31.5,28.8,30.1,34.6,3.12,3.166
"2021-12-19 - STL 2, WPG 4",WPG,1.0,56.2,60.2,43.3,47.5,3.3,3.1,13.8,12.5,1.4,1.4,9.8,10.0,23.3,25.4,0.7,0.7,12.0,14.0,16.3,19.7,1.0,0.9,9.3,9.9,0.9929,32.2,30.1,32.2,35.2,3.419,3.246
"2022-01-02 - WPG 5, VGK 4",WPG,13.0,56.0,60.0,42.9,47.1,2.8,3.4,13.8,13.1,1.4,1.6,9.8,10.4,23.2,24.8,0.4,0.6,11.6,14.1,16.3,19.6,0.8,1.1,8.8,9.8,1.0127000000000002,31.2,30.1,32.7,35.5,3.403,3.3959999999999995
"2022-01-04 - WPG 3, ARI 1",WPG,1.0,57.9,62.9,44.6,48.6,3.0,3.5,14.2,14.3,1.7,1.6,9.6,10.9,24.5,24.9,0.3,0.5,12.8,14.1,16.6,21.2,0.8,1.4,8.8,10.3,1.0088,32.2,30.8,35.5,36.4,3.4210000000000003,3.5729999999999995
"2022-01-06 - WPG 1, COL 7",WPG,1.0,60.4,63.2,46.2,49.3,3.0,3.8,15.0,14.6,1.6,1.7,10.1,10.5,25.0,23.2,0.3,0.5,13.1,13.6,17.3,22.3,0.9,1.5,9.2,11.1,1.0179,33.4,32.3,36.9,36.7,3.55,3.611
"2022-01-13 - WPG 3, DET 0",WPG,6.0,60.3,63.2,46.0,49.0,3.3,3.1,14.8,14.7,1.9,1.5,10.2,10.5,25.5,22.8,0.4,0.2,14.0,13.0,17.1,22.5,0.8,1.3,8.9,11.3,0.9949,33.9,31.9,37.2,36.2,3.575,3.615
"2022-01-18 - WPG 3, WSH 4",WPG,4.0,59.8,64.0,45.5,48.3,3.0,2.8,13.6,13.9,1.8,1.1,9.4,9.7,25.9,23.9,0.3,0.3,14.7,13.0,17.1,22.4,0.7,1.2,8.5,11.2,0.9982,33.7,30.7,36.3,35.3,3.408,3.5749999999999997
"2022-01-20 - WPG 2, NSH 5",WPG,1.0,59.2,66.2,45.6,50.8,3.0,2.9,13.2,14.6,1.6,1.1,8.8,10.1,25.9,24.3,0.4,0.3,14.6,13.1,16.8,23.2,0.8,1.3,8.8,12.3,0.9951,33.4,30.0,37.8,36.8,3.193,3.771
"2022-01-22 - WPG 2, BOS 3",WPG,1.0,57.1,65.9,44.4,50.6,3.5,2.8,12.9,15.0,1.9,1.1,8.7,10.5,24.3,23.7,0.4,0.3,14.1,12.9,16.6,23.4,1.0,1.2,9.2,12.7,0.9695,33.2,29.5,38.4,37.3,3.197,3.839
"2022-01-23 - WPG 2, PIT 3",WPG,0.0,56.9,64.8,44.5,49.3,3.5,2.7,12.2,14.1,1.8,1.2,8.3,9.6,25.1,24.6,0.3,0.2,14.2,13.0,16.4,22.3,1.2,1.1,9.0,12.1,0.9687,32.8,28.6,36.4,36.0,3.087,3.63
"2022-01-25 - FLA 5, WPG 3",WPG,1.0,59.1,63.0,45.8,47.2,3.3,2.7,12.7,13.6,1.8,1.2,8.8,9.7,25.2,23.4,0.4,0.3,14.5,12.1,18.0,21.9,0.9,1.0,9.3,12.0,0.9796,33.9,30.7,35.5,35.3,3.164,3.518
"2022-01-27 - VAN 5, WPG 1",WPG,1.0,58.0,61.1,45.3,46.6,3.3,2.8,12.9,13.3,2.1,1.5,9.1,9.6,24.9,23.7,0.4,0.2,14.1,12.4,17.4,19.7,0.8,0.9,8.8,10.7,0.9806,33.2,30.3,33.0,34.6,2.9650000000000003,3.505
"2022-01-29 - WPG 4, STL 1",WPG,1.0,58.4,62.2,45.6,47.5,3.6,2.5,13.2,13.2,2.0,1.4,9.0,9.4,24.1,24.9,0.5,0.2,13.7,12.7,17.8,19.7,1.1,0.7,9.4,10.5,0.9638,33.7,31.0,32.9,34.6,2.968,3.446
"2022-02-01 - WPG 1, PHI 3",WPG,2.0,55.5,59.9,43.6,46.4,3.3,2.4,12.2,12.3,1.6,1.4,8.3,8.5,22.2,24.7,0.5,0.3,12.4,12.8,17.8,18.7,1.2,0.5,9.4,10.0,0.9722,32.0,30.0,31.0,33.3,2.826,3.4199999999999995
"2022-02-08 - MIN 0, WPG 2",WPG,6.0,55.5,57.9,44.2,43.9,3.5,2.2,12.9,11.2,1.7,1.3,9.1,8.0,22.0,25.2,0.5,0.3,12.5,12.4,17.8,17.6,1.2,0.5,9.3,9.4,0.9645,32.9,30.7,28.8,31.7,3.044,3.071
"2022-02-11 - WPG 3, DAL 4",WPG,2.0,54.4,57.7,42.9,43.2,2.8,2.3,12.2,10.6,1.2,1.2,8.7,7.6,21.3,24.6,0.4,0.3,11.8,11.7,17.9,18.3,1.1,0.6,8.7,9.7,0.9852,31.4,30.1,28.9,31.1,2.88,3.1380000000000003
"2022-02-12 - WPG 5, NSH 2",WPG,0.0,55.3,56.3,43.3,42.8,3.2,2.3,13.6,10.9,1.5,1.3,9.6,8.0,20.5,24.3,0.4,0.2,11.1,11.8,18.3,17.3,1.2,0.7,8.9,9.4,0.9732,31.6,31.9,28.2,31.3,3.035,3.044
"2022-02-14 - CHI 3, WPG 1",WPG,1.0,55.0,56.9,43.1,43.7,3.0,2.5,12.9,10.5,1.4,1.2,9.3,8.0,21.4,25.7,0.4,0.4,11.8,12.9,17.9,17.5,1.1,0.8,8.9,9.3,0.9831,32.1,30.8,28.0,32.3,2.963,3.093
"2022-02-16 - MIN 3, WPG 6",WPG,1.0,56.1,56.9,43.7,43.6,2.8,2.4,13.2,10.7,1.3,1.2,9.6,8.2,22.0,26.3,0.4,0.4,12.0,13.3,17.7,16.9,1.0,0.7,8.2,8.2,0.9902,32.2,30.9,27.6,31.7,2.985,3.107
"2022-02-17 - SEA 3, WPG 5",WPG,0.0,57.5,57.4,44.9,44.0,2.8,2.8,13.2,11.7,1.4,1.4,9.3,9.0,23.1,25.3,0.5,0.5,12.2,13.1,17.6,17.2,0.8,0.7,8.6,8.3,1.0022,32.6,30.8,28.9,32.4,3.063,3.26
"2022-02-19 - EDM 4, WPG 2",WPG,1.0,56.5,57.1,43.5,44.1,2.9,3.1,12.9,11.8,1.5,1.5,9.2,8.9,23.3,25.6,0.5,0.4,11.5,13.8,16.4,16.7,0.8,1.0,7.9,7.8,1.0048,31.1,29.3,28.5,32.4,3.002,3.314
"2022-02-21 - WPG 1, CGY 3",WPG,1.0,57.7,56.4,44.4,42.9,2.8,3.0,13.0,11.1,1.3,1.3,9.1,8.3,23.7,24.6,0.5,0.5,12.2,13.2,16.7,18.0,0.8,1.0,7.9,8.3,1.0102,31.9,29.7,29.1,31.3,3.075,3.216
"2022-02-23 - WPG 2, DAL 3",WPG,1.0,58.0,53.7,44.8,40.7,2.6,3.0,12.6,11.2,1.2,1.3,8.8,8.6,24.3,22.2,0.4,0.5,12.3,11.8,16.9,17.6,0.8,1.0,8.0,8.2,1.0171,31.7,29.5,28.8,30.2,3.2030000000000003,3.055
"2022-02-25 - WPG 3, COL 6",WPG,1.0,59.2,52.7,46.0,39.6,2.8,2.8,13.2,10.9,1.5,1.1,9.5,8.6,25.2,21.7,0.4,0.4,12.7,11.3,16.6,17.2,0.7,1.1,8.0,8.5,1.0053,32.7,29.8,28.1,30.0,3.322,2.829
"2022-02-27 - WPG 5, ARI 3",WPG,1.0,61.2,51.4,46.7,39.1,3.1,3.0,12.8,11.1,1.8,1.3,9.2,9.0,26.5,21.0,0.5,0.4,13.0,11.1,17.5,16.4,0.7,1.1,8.7,8.0,1.0067,33.3,30.3,27.5,29.6,3.2060000000000004,2.869
"2022-03-01 - MTL 4, WPG 8",WPG,1.0,63.1,52.2,48.3,40.3,3.4,3.3,14.0,12.1,1.9,1.5,9.6,9.7,27.3,21.3,0.7,0.4,13.1,11.4,17.3,16.1,0.7,1.2,8.7,8.0,1.0026,33.5,31.3,28.2,30.5,3.385,2.889
"2022-03-04 - DAL 4, WPG 3",WPG,2.0,62.2,51.6,48.2,40.0,3.4,3.8,14.0,12.0,1.7,1.7,9.3,9.5,26.9,20.5,0.8,0.7,13.2,11.2,16.6,16.7,0.8,1.2,8.7,8.1,1.0204,33.5,30.6,28.7,30.1,3.337,2.96
"2022-03-06 - NYR 4, WPG 1",WPG,1.0,61.8,52.1,48.1,40.3,3.6,3.6,14.5,13.3,2.0,1.8,9.9,10.1,25.2,20.3,0.7,0.5,11.9,10.8,17.4,15.9,0.8,1.1,9.2,7.6,1.0097,33.3,31.9,29.2,30.0,3.4560000000000004,3.056
"2022-03-08 - TB 4, WPG 7",WPG,1.0,61.1,52.7,47.8,41.3,3.7,3.6,14.0,13.3,2.1,1.7,9.6,10.3,25.2,19.8,0.8,0.6,12.3,11.0,17.6,16.6,0.7,1.1,9.2,8.3,1.0031,33.1,31.6,29.9,31.4,3.344,3.129
"2022-03-10 - WPG 2, NJ 1",WPG,1.0,58.2,53.2,45.2,42.3,3.8,3.7,14.3,13.3,2.1,1.8,10.0,10.4,22.7,20.3,0.7,0.6,11.3,10.9,17.1,16.9,0.9,1.1,8.6,8.6,0.9966,31.9,31.4,30.2,31.6,3.282,3.283
"2022-03-11 - WPG 2, NYI 5",WPG,0.0,59.4,53.2,46.7,42.4,3.6,3.4,14.6,12.6,1.9,1.7,10.0,9.8,22.9,20.5,0.7,0.6,11.7,10.8,18.2,17.4,0.9,0.9,9.4,9.5,0.9961,33.0,32.8,30.0,31.7,3.3879999999999995,3.165
"2022-03-13 - WPG 4, STL 3",WPG,1.0,59.9,54.3,46.2,43.3,3.7,3.4,14.4,13.1,2.0,1.7,9.9,10.0,22.9,20.9,0.8,0.5,11.6,11.1,18.9,17.7,0.8,1.0,9.4,9.5,0.9915,32.8,33.3,30.8,32.2,3.301,3.308
"2022-03-15 - VGK 3, WPG 7",WPG,1.0,59.5,57.2,45.5,45.7,3.7,3.7,14.4,12.4,2.1,1.8,10.0,9.3,22.6,22.2,0.9,0.5,11.4,11.9,18.6,19.9,0.6,1.2,9.4,11.1,0.9979,32.8,33.0,32.3,33.6,3.118,3.51
"2022-03-18 - BOS 4, WPG 2",WPG,2.0,60.1,58.1,45.7,46.1,3.7,4.2,14.2,12.5,1.9,2.0,9.8,9.5,23.0,22.7,1.0,0.6,11.5,12.2,18.8,20.3,0.7,1.4,9.5,10.9,1.019,32.7,33.0,32.8,33.7,3.116,3.567
"2022-03-20 - WPG 6, CHI 4",WPG,1.0,59.8,59.4,46.1,46.6,3.5,4.1,14.1,13.2,1.9,2.0,9.6,9.8,22.8,22.7,0.9,0.6,11.9,11.9,18.8,21.2,0.6,1.3,9.5,11.0,1.0209,33.0,32.9,34.4,33.7,3.241,3.649
"2022-03-22 - VGK 0, WPG 4",WPG,1.0,59.3,58.7,45.6,45.5,3.6,4.2,14.4,12.7,2.1,2.0,10.2,9.3,22.6,22.8,0.7,0.8,11.7,12.1,18.3,20.6,0.7,1.3,9.8,10.6,1.0257,33.7,32.7,33.3,33.1,3.2339999999999995,3.539
"2022-03-24 - OTT 5, WPG 2",WPG,1.0,60.1,59.4,46.6,45.8,3.2,3.8,14.1,13.0,2.0,2.0,10.1,9.4,23.2,23.1,0.6,0.6,12.2,11.9,18.8,20.3,0.5,1.1,10.3,10.2,1.0258999999999998,34.4,32.9,33.3,32.7,3.311,3.527
"2022-03-25 - CBJ 3, WPG 4",WPG,0.0,60.8,57.1,46.6,42.8,3.3,3.7,14.3,11.5,2.1,1.8,10.1,8.5,24.4,22.2,0.6,0.7,12.9,11.4,18.3,20.6,0.5,1.1,9.7,10.0,1.0237,34.3,32.6,32.1,30.9,3.3280000000000003,3.208
"2022-03-27 - ARI 1, WPG 2",WPG,1.0,63.1,56.6,47.8,41.6,3.2,4.0,15.2,11.5,1.9,2.2,10.6,8.3,24.8,21.6,0.6,0.6,13.3,10.7,18.7,20.7,0.6,1.1,9.9,9.9,1.0435,35.7,33.9,32.2,29.6,3.4769999999999994,3.152
"2022-03-30 - WPG 3, BUF 2",WPG,2.0,63.9,57.5,48.5,42.5,2.9,3.5,15.2,12.0,1.8,1.9,10.6,8.4,25.6,21.6,0.6,0.5,14.1,11.1,18.9,21.1,0.4,1.1,9.7,10.2,1.0406,36.2,34.1,33.1,30.3,3.426,3.06
"2022-03-31 - WPG 3, TOR 7",WPG,0.0,63.8,57.0,48.5,42.4,3.0,3.5,15.4,12.8,2.0,1.9,10.8,8.6,25.3,21.1,0.5,0.5,14.1,10.9,18.7,20.2,0.4,1.1,9.7,9.8,1.0389,36.5,34.1,33.0,30.0,3.478,3.091
"2022-04-02 - LA 3, WPG 2",WPG,1.0,63.7,55.6,48.8,41.6,3.2,3.6,15.5,12.5,2.1,2.0,10.8,8.4,24.9,20.8,0.5,0.6,13.8,10.8,19.2,19.3,0.5,1.0,10.2,9.5,1.0398,36.5,34.7,31.8,29.4,3.647,2.928
"2022-04-06 - DET 3, WPG 1",WPG,3.0,64.3,54.7,49.2,40.2,3.2,3.4,16.0,13.1,2.2,1.9,11.3,8.5,25.1,20.7,0.4,0.6,14.4,10.7,19.1,18.1,0.5,0.9,9.9,8.4,1.0382000000000002,37.2,35.1,31.2,28.4,3.881,2.8389999999999995
"2022-04-08 - COL 5, WPG 4",WPG,1.0,63.3,55.9,47.8,41.9,3.2,2.8,16.0,13.9,2.3,1.8,11.6,8.9,24.1,20.9,0.4,0.5,14.1,11.0,19.4,18.4,0.4,0.5,9.8,8.5,1.0102,36.9,35.4,32.3,29.4,3.917,2.968
"2022-04-10 - WPG 4, OTT 3",WPG,1.0,62.4,57.4,47.1,43.3,3.3,3.0,15.8,14.6,2.0,1.9,11.3,9.2,23.5,21.2,0.5,0.5,13.8,11.6,19.5,18.6,0.7,0.6,9.7,8.9,1.0079999999999998,36.1,35.3,33.2,30.8,3.758,3.16
"2022-04-11 - WPG 4, MTL 2",WPG,0.0,61.9,55.6,47.0,42.8,3.2,2.8,15.2,14.5,2.0,1.9,11.0,9.0,23.0,20.7,0.5,0.5,13.6,11.4,20.4,18.1,0.6,0.4,10.0,8.8,1.0076,35.9,35.6,32.6,30.1,3.783,3.093
"2022-04-15 - WPG 1, FLA 6",WPG,3.0,60.0,56.0,45.0,43.1,3.4,2.8,15.2,14.2,2.2,1.9,11.0,9.0,22.5,21.0,0.5,0.4,12.9,12.3,19.0,18.0,0.6,0.4,8.9,8.5,0.9956000000000002,34.2,34.2,32.2,31.0,3.629,3.0780000000000003
"2022-04-16 - WPG 4, TB 7",WPG,0.0,59.6,56.6,45.7,44.1,3.5,2.7,15.3,14.6,2.3,1.9,11.2,9.2,21.5,21.3,0.5,0.3,12.9,12.7,19.3,17.7,0.6,0.4,9.5,8.6,0.9917,35.2,34.6,32.3,31.7,3.717,3.217
"2022-04-19 - WPG 0, NYR 3",WPG,2.0,59.0,53.7,45.8,42.0,3.9,2.7,15.2,14.1,2.5,1.9,11.3,8.9,21.0,20.7,0.5,0.3,12.6,12.3,19.6,16.3,0.8,0.4,9.9,7.8,0.9912,35.3,34.8,30.4,30.2,3.706,3.021
"2022-04-21 - WPG 2, CAR 4",WPG,1.0,59.5,51.8,46.1,40.0,4.1,2.5,15.1,13.0,2.5,1.7,11.4,8.3,21.4,20.2,0.6,0.3,12.9,12.0,19.4,15.9,0.8,0.4,9.9,7.8,0.9808,35.8,34.5,28.9,29.3,3.766,2.871
"2022-04-24 - COL 1, WPG 4",WPG,2.0,60.8,51.1,47.6,39.2,4.3,2.5,15.7,12.8,2.5,1.8,11.8,8.6,22.6,19.7,0.6,0.3,13.7,11.8,18.8,15.8,0.9,0.3,9.6,7.2,0.9792,36.7,34.5,28.6,28.8,3.8849999999999993,2.893
"2022-04-27 - PHI 0, WPG 4",WPG,2.0,61.0,53.9,47.4,42.1,3.7,2.6,15.6,13.8,2.1,1.9,11.6,9.3,23.9,21.4,0.5,0.2,14.1,12.6,17.5,15.8,0.9,0.4,8.7,7.6,0.9905000000000002,36.0,33.1,29.6,30.9,3.644000000000001,3.1670000000000003
"2022-04-29 - CGY 1, WPG 3",WPG,1.0,61.1,53.0,47.2,42.6,3.4,2.8,15.1,13.8,1.9,2.1,11.3,9.6,24.2,20.2,0.5,0.2,13.6,12.1,17.8,16.0,0.8,0.4,9.0,7.8,1.0058,35.7,32.9,29.8,30.9,3.5340000000000003,3.278
"2022-05-01 - SEA 3, WPG 4",WPG,1.0,60.4,54.7,47.3,43.7,3.2,3.0,14.6,13.9,1.8,2.1,10.7,9.9,24.7,21.1,0.4,0.2,14.2,12.6,16.9,16.5,0.8,0.5,8.5,7.8,1.0152,35.5,31.5,30.4,31.9,3.396,3.387
"2022-10-14 - NYR 1, WPG 4",WPG,,,,,,,,,,,,,,,,,,,,,,,,,,,,,,,,
"2022-10-17 - WPG 1, DAL 4",WPG,2.0,,,,,,,,,,,,,,,,,,,,,,,,,,,,,,,
"2022-10-19 - WPG 4, COL 3",WPG,1.0,,,,,,,,,,,,,,,,,,,,,,,,,,,,,,,
"2022-10-20 - WPG 2, VGK 5",WPG,0.0,,,,,,,,,,,,,,,,,,,,,,,,,,,,,,,
"2022-10-22 - TOR 4, WPG 1",WPG,1.0,,,,,,,,,,,,,,,,,,,,,,,,,,,,,,,
"2022-10-24 - STL 0, WPG 4",WPG,1.0,,,,,,,,,,,,,,,,,,,,,,,,,,,,,,,
"2022-10-27 - WPG 6, LA 4",WPG,2.0,,,,,,,,,,,,,,,,,,,,,,,,,,,,,,,
"2022-10-28 - WPG 3, ARI 2",WPG,0.0,,,,,,,,,,,,,,,,,,,,,,,,,,,,,,,
"2022-10-30 - WPG 1, VGK 2",WPG,1.0,,,,,,,,,,,,,,,,,,,,,,,,,,,,,,,
"2022-11-03 - MTL 2, WPG 3",WPG,3.0,,,,,,,,,,,,,,,,,,,,,,,,,,,,,,,
"2022-11-05 - CHI 0, WPG 4",WPG,1.0,59.2,58.3,44.7,44.1,2.7,2.9,14.2,12.2,1.4,1.5,9.4,8.5,23.7,24.2,0.7,0.3,12.0,11.2,16.7,18.2,0.6,0.9,9.8,9.4,1.0151,32.3,30.9,30.4,30.3,3.403,2.964
"2022-11-08 - DAL 1, WPG 5",WPG,2.0,57.2,58.4,43.0,44.7,2.6,2.9,13.3,12.2,1.4,1.3,8.6,8.2,23.7,23.8,0.6,0.4,12.3,11.1,15.5,18.4,0.6,1.0,9.0,9.8,1.0166,31.2,28.8,30.6,30.6,3.191,2.936
"2022-11-12 - WPG 2, CGY 3",WPG,3.0,56.6,57.4,42.0,44.4,2.3,3.3,13.1,12.8,1.4,1.8,8.2,8.8,23.4,23.2,0.4,0.4,11.9,11.3,15.2,18.0,0.5,0.9,8.8,9.8,1.037,30.5,28.3,30.8,31.4,3.0700000000000003,3.006
"2022-11-13 - WPG 3, SEA 2",WPG,0.0,55.6,57.2,42.0,43.6,2.3,3.1,13.1,12.9,1.5,1.7,8.2,8.9,22.8,23.0,0.4,0.3,11.9,11.2,14.8,17.5,0.4,0.9,8.8,9.3,1.0318999999999998,30.7,27.9,30.4,30.9,3.0170000000000003,3.041
"2022-11-17 - ANA 2, WPG 3",WPG,3.0,54.9,59.7,41.1,44.9,2.0,3.2,13.2,14.0,1.5,1.8,8.2,9.5,22.4,22.1,0.2,0.3,11.3,10.3,15.0,19.2,0.3,0.9,8.5,9.4,1.0409000000000002,29.6,28.2,33.2,31.1,2.937,3.361
"2022-11-19 - PIT 3, WPG 0",WPG,1.0,53.7,60.2,40.6,45.0,1.8,3.4,13.5,14.2,1.4,1.8,8.6,9.7,21.5,21.1,0.1,0.3,11.5,9.3,14.3,20.2,0.3,1.1,8.1,10.4,1.0549,29.9,27.8,34.4,31.2,2.867,3.4490000000000003
"2022-11-21 - CAR 3, WPG 4",WPG,1.0,53.9,58.5,41.3,44.2,2.1,3.0,13.8,13.9,1.5,1.6,9.0,9.2,21.5,21.1,0.2,0.2,11.6,9.5,13.8,19.3,0.4,1.1,7.9,9.7,1.0362,30.6,27.6,33.2,30.1,2.977,3.2630000000000003
"2022-11-23 - WPG 1, MIN 6",WPG,1.0,53.8,59.1,41.4,44.7,2.0,2.8,12.6,13.8,1.3,1.4,7.8,9.1,22.1,20.3,0.4,0.1,11.5,9.3,14.2,20.5,0.3,1.3,7.5,10.5,1.02,28.9,26.8,34.3,30.5,2.865,3.2960000000000003
"2022-11-25 - WPG 5, DAL 4",WPG,1.0,55.5,58.2,43.0,43.3,2.4,2.6,13.2,12.9,1.5,1.1,8.2,8.4,23.3,19.8,0.6,0.1,12.6,9.0,14.0,20.3,0.3,1.4,7.6,10.7,1.0091,30.7,27.2,33.2,29.9,3.02,3.146
"2022-11-27 - WPG 7, CHI 2",WPG,1.0,54.9,57.5,42.5,43.2,2.6,3.0,12.2,13.4,1.5,1.4,7.5,8.8,23.3,18.9,0.7,0.1,12.2,9.0,14.7,20.0,0.4,1.5,8.0,10.4,1.0172,30.0,26.9,33.4,30.3,2.867,3.214
"2022-11-29 - COL 0, WPG 5",WPG,1.0,55.9,57.2,43.2,42.8,2.6,3.4,12.4,12.7,1.5,1.6,7.6,8.7,24.3,19.2,0.7,0.3,12.8,9.7,14.8,20.0,0.4,1.5,7.7,10.5,1.0259,30.3,27.2,32.7,31.1,2.932,3.151
"2022-12-02 - CBJ 4, WPG 1",WPG,2.0,56.8,54.9,43.8,40.9,2.6,3.5,13.2,12.4,1.5,1.9,8.6,8.5,24.0,19.1,0.7,0.3,12.8,9.4,14.8,18.1,0.4,1.3,7.9,9.8,1.0368,31.3,28.0,30.5,29.7,3.0170000000000003,3.008
"2022-12-04 - ANA 2, WPG 5",WPG,1.0,58.2,58.5,44.8,42.8,2.9,3.1,13.0,12.7,1.6,1.5,8.8,8.3,25.0,20.2,0.9,0.3,13.5,9.8,14.8,19.4,0.4,1.3,7.5,10.0,1.0134,31.7,27.8,32.1,30.2,3.243,3.121
"2022-12-06 - FLA 2, WPG 5",WPG,1.0,58.4,60.6,44.8,45.6,2.8,3.4,13.1,13.2,1.5,1.7,8.8,8.3,24.2,20.9,0.9,0.4,12.9,10.9,15.3,20.2,0.4,1.3,7.4,10.4,1.0191,31.2,28.4,33.4,31.9,3.337,3.3
"2022-12-08 - WPG 5, STL 2",WPG,1.0,60.6,59.1,46.9,45.3,2.8,3.6,13.5,12.9,1.5,1.7,9.1,8.0,25.6,21.3,0.9,0.5,14.2,11.7,15.2,19.0,0.4,1.4,7.5,10.3,1.0299,33.2,28.7,31.9,32.0,3.429,3.244
"2022-12-09 - WPG 3, CHI 1",WPG,0.0,60.8,57.6,46.4,44.0,2.8,3.8,12.6,11.9,1.5,1.8,8.7,7.2,25.6,21.2,0.8,0.6,14.0,11.9,16.5,18.7,0.5,1.3,8.3,9.6,1.0455,33.2,29.1,30.6,30.8,3.374,3.151
"2022-12-11 - WSH 5, WPG 2",WPG,1.0,60.1,58.8,45.1,44.3,2.6,4.1,11.9,12.5,1.5,2.0,8.4,7.6,25.8,21.2,0.7,0.6,14.5,11.5,16.9,19.2,0.4,1.4,7.7,9.5,1.0599,32.3,28.8,31.7,30.8,3.199,3.26
"2022-12-13 - VGK 6, WPG 5",WPG,1.0,58.4,60.2,44.1,44.7,2.8,3.9,12.5,13.3,1.7,2.0,9.1,8.2,24.2,21.6,0.5,0.6,14.1,12.0,15.7,19.2,0.5,1.2,7.9,9.1,1.0462000000000002,33.2,28.2,32.5,31.6,3.361,3.301
"2022-12-15 - NSH 1, WPG 2",WPG,1.0,58.4,61.0,43.6,45.9,2.8,4.3,12.1,13.9,1.6,2.4,8.7,8.7,23.9,22.8,0.7,0.7,13.4,12.8,16.2,18.7,0.4,1.1,8.5,8.5,1.0546000000000002,32.6,28.3,32.6,32.1,3.428,3.4490000000000003
"2022-12-17 - WPG 5, VAN 1",WPG,1.0,55.6,64.0,41.3,48.7,2.5,4.0,11.6,14.7,1.4,2.1,8.3,8.9,23.4,24.7,0.7,0.7,13.5,13.7,14.4,19.4,0.3,1.1,7.3,9.1,1.0475,31.1,26.0,34.1,33.4,3.208,3.663
"2022-12-18 - WPG 2, SEA 3",WPG,0.0,55.5,61.7,40.5,47.5,2.4,3.8,10.7,14.0,1.2,1.8,7.6,8.4,23.2,23.8,0.7,0.7,13.5,13.2,15.1,19.0,0.4,1.2,7.8,8.7,1.0538,30.9,25.8,33.0,31.7,3.057,3.528
"2022-12-20 - OTT 1, WPG 5",WPG,1.0,55.9,61.1,40.6,46.6,2.7,3.5,10.2,13.9,1.3,1.7,7.0,8.6,23.1,23.7,0.7,0.6,13.3,12.7,16.2,18.5,0.6,1.1,8.1,8.4,1.035,30.3,26.4,32.4,31.1,3.031,3.5200000000000005
"2022-12-22 - WPG 2, BOS 3",WPG,1.0,56.6,57.2,41.6,44.5,2.4,3.9,10.6,12.6,1.1,1.9,7.1,7.8,23.5,23.2,0.5,0.8,13.8,12.7,16.9,17.2,0.7,1.1,8.6,7.8,1.0658999999999998,31.3,27.5,29.8,29.7,2.943,3.293
"2022-12-23 - WPG 1, WSH 4",WPG,0.0,57.3,55.2,43.1,42.7,2.5,3.6,10.9,12.1,1.2,1.9,7.3,8.0,24.7,22.6,0.5,0.7,14.6,12.0,16.8,16.9,0.7,0.9,8.7,7.3,1.0598,32.2,27.7,29.0,28.4,2.99,3.146
"2022-12-27 - MIN 4, WPG 1",WPG,3.0,55.9,54.3,41.3,41.2,2.7,3.2,10.3,12.2,1.2,1.8,7.1,8.5,23.8,22.7,0.7,0.6,13.7,11.7,17.1,15.8,0.7,0.7,8.6,6.7,1.0375,30.8,27.4,28.0,27.9,2.9970000000000003,3.059
"2022-12-29 - VAN 2, WPG 4",WPG,1.0,56.1,55.2,42.4,42.4,2.9,2.8,10.2,12.5,1.3,1.7,6.8,8.7,24.7,24.1,0.8,0.5,13.9,12.7,16.2,14.9,0.7,0.6,8.2,6.5,1.0078,30.5,26.4,27.4,29.1,3.048,2.991
"2022-12-31 - WPG 2, EDM 1",WPG,1.0,55.7,55.7,42.2,42.8,3.0,2.9,10.9,13.2,1.2,1.9,7.3,9.5,23.6,24.7,0.8,0.5,13.0,13.2,16.3,14.4,0.9,0.5,8.5,6.1,1.004,30.4,27.2,27.6,29.8,3.16,3.166
"2023-01-03 - CGY 2, WPG 3",WPG,2.0,56.4,53.4,42.2,41.7,2.6,2.9,11.0,11.8,0.9,1.9,7.4,8.5,24.1,25.0,0.8,0.5,13.1,12.9,17.0,13.7,0.9,0.5,8.2,6.1,1.02,30.0,28.0,25.5,28.4,3.052,3.005
"2023-01-06 - TB 2, WPG 4",WPG,2.0,57.0,52.8,42.9,40.8,2.2,2.7,10.8,11.2,0.8,1.7,7.2,8.0,24.2,25.1,0.4,0.4,13.3,12.6,17.8,13.5,1.0,0.6,8.4,5.9,1.0297999999999998,30.2,28.6,24.7,27.5,2.945,2.879
"2023-01-08 - VAN 4, WPG 7",WPG,1.0,58.7,49.7,43.9,37.9,2.3,2.9,11.0,10.5,0.9,1.9,7.1,7.8,24.6,23.4,0.4,0.4,13.1,11.0,18.7,12.8,1.0,0.6,8.7,5.7,1.0417,30.4,29.7,23.3,25.4,3.002,2.817
"2023-01-10 - WPG 5, DET 7",WPG,1.0,59.5,50.3,45.5,37.7,2.6,3.1,11.8,11.4,1.2,2.2,8.0,8.3,25.4,23.4,0.5,0.4,13.8,10.6,18.0,12.0,0.9,0.5,8.5,5.3,1.0429,31.9,29.8,23.4,25.4,3.19,2.893
"2023-01-12 - WPG 4, BUF 2",WPG,1.0,57.6,55.1,44.1,41.4,3.0,3.4,11.5,12.2,1.4,2.2,7.7,8.6,24.4,24.8,0.6,0.5,13.3,11.5,17.3,14.4,1.0,0.7,7.9,6.0,1.0231,30.8,28.8,26.6,27.4,3.161,3.0200000000000005
"2023-01-13 - WPG 4, PIT 1",WPG,0.0,58.6,54.4,44.4,40.7,3.1,3.3,11.9,12.5,1.5,2.0,8.0,8.9,24.0,23.7,0.6,0.5,12.8,11.3,18.7,14.3,1.0,0.8,8.6,6.2,1.0149,31.3,30.6,26.8,27.7,3.244,3.108
"2023-01-15 - ARI 1, WPG 2",WPG,1.0,56.1,55.5,41.7,41.3,2.9,3.5,11.1,12.7,1.3,2.0,7.5,9.1,23.1,24.1,0.6,0.5,12.2,12.1,18.1,14.5,1.0,1.0,8.4,6.4,1.0209,29.7,29.2,27.2,29.0,3.016,3.1220000000000003
"2023-01-17 - WPG 1, MTL 4",WPG,1.0,55.5,55.3,41.8,41.7,2.6,3.6,11.4,12.7,1.2,2.0,7.5,9.2,23.3,23.6,0.4,0.5,11.8,11.4,17.2,14.7,1.0,1.1,8.2,6.6,1.0355,29.1,28.6,27.4,28.8,2.9479999999999995,3.0580000000000003
"2023-01-19 - WPG 1, TOR 4",WPG,1.0,54.7,56.5,40.9,42.2,2.6,3.6,11.8,13.0,1.2,1.9,7.6,9.0,22.1,23.6,0.4,0.6,11.5,10.7,17.4,15.7,1.0,1.1,8.5,7.2,1.0363,29.1,29.2,28.7,28.2,2.964,3.19
"2023-01-21 - WPG 5, OTT 1",WPG,1.0,54.4,56.5,41.4,42.3,2.8,3.3,11.5,12.3,1.3,1.6,7.2,8.0,22.4,23.4,0.4,0.6,11.7,11.0,16.9,16.5,1.0,1.1,9.0,7.8,1.0229,29.6,28.4,28.8,28.1,2.97,3.1049999999999995
"2023-01-22 - WPG 5, PHI 3",WPG,0.0,53.1,59.2,40.4,44.4,2.8,3.6,10.9,13.1,1.3,1.8,6.7,8.3,21.7,23.2,0.4,0.6,11.4,11.1,16.3,18.5,1.0,1.2,8.9,8.5,1.0271,29.0,27.2,31.6,29.4,2.89,3.29
"2023-01-24 - WPG 1, NSH 2",WPG,1.0,52.0,59.2,39.4,44.7,2.9,3.8,11.3,14.2,1.3,1.8,7.4,9.0,21.2,22.1,0.5,0.7,10.9,10.4,15.5,18.5,1.0,1.3,8.5,8.9,1.0277999999999998,28.6,26.8,32.7,29.9,2.866,3.455
"2023-01-26 - BUF 3, WPG 2",WPG,1.0,52.5,60.3,40.5,45.8,2.9,3.5,12.0,14.0,1.4,1.6,8.2,8.8,21.2,22.3,0.4,0.7,11.3,11.2,15.7,19.8,1.0,1.2,8.8,9.5,1.0131,29.9,27.7,33.8,31.2,2.973,3.381
"2023-01-28 - PHI 4, WPG 0",WPG,1.0,52.5,60.9,40.1,46.2,2.8,3.0,11.9,13.7,1.1,1.3,8.1,8.5,20.4,22.3,0.3,0.6,10.7,11.2,16.4,20.9,1.3,1.1,9.1,9.6,0.9989,29.7,28.3,34.6,30.6,2.974,3.361
"2023-01-30 - STL 2, WPG 4",WPG,1.0,54.3,60.0,41.5,45.9,2.5,2.5,12.8,13.9,1.0,1.1,8.7,8.5,21.0,22.9,0.2,0.5,10.6,12.0,17.0,19.3,1.2,0.9,9.8,9.0,1.0036999999999998,30.7,29.8,33.2,30.9,3.078,3.401
"2023-02-11 - CHI 1, WPG 4",WPG,11.0,51.1,63.1,39.4,48.0,2.5,2.5,12.0,13.9,1.1,1.1,8.4,8.4,20.4,25.1,0.2,0.4,10.2,12.7,15.1,20.0,1.1,1.0,9.0,9.7,0.9964,29.2,27.1,33.9,32.1,2.845,3.504
"2023-02-14 - SEA 2, WPG 3",WPG,2.0,53.8,62.7,41.1,47.3,2.5,2.5,12.6,14.1,1.1,1.1,8.5,8.2,20.4,24.9,0.2,0.4,10.3,12.3,16.4,19.7,1.1,1.0,9.6,9.3,1.0019,30.1,29.0,33.8,30.9,3.076,3.768
"2023-02-16 - WPG 1, CBJ 3",WPG,1.0,54.8,64.5,41.4,48.9,2.6,2.5,12.2,14.5,1.2,1.2,8.3,8.0,20.6,26.1,0.3,0.4,10.9,13.8,17.5,19.6,1.0,0.9,9.9,9.5,0.9964,30.9,29.7,34.1,32.5,3.024,3.913
"2023-02-19 - WPG 2, NJ 4",WPG,2.0,54.7,65.7,41.2,50.0,2.5,2.5,12.3,14.5,1.1,1.2,8.5,8.5,21.1,27.2,0.3,0.3,10.8,14.1,17.0,19.4,1.0,1.0,9.5,9.6,0.9969,30.5,29.3,33.9,33.7,3.082,4.0200000000000005
"2023-02-20 - WPG 4, NYR 1",WPG,0.0,55.4,64.1,41.2,48.2,2.5,2.6,12.4,13.9,1.4,1.2,8.8,7.9,21.5,26.4,0.3,0.4,11.0,13.4,17.2,18.1,0.8,1.0,9.4,9.5,1.0033,30.7,29.6,32.0,32.4,3.126,3.913
"2023-02-22 - WPG 1, NYI 2",WPG,1.0,57.7,61.6,44.1,46.1,2.5,2.5,13.4,13.6,1.5,1.2,9.5,8.0,22.0,26.1,0.3,0.4,11.6,13.2,18.5,16.2,0.7,0.9,11.0,8.8,1.0076,33.2,31.9,29.8,31.5,3.386,3.751
"2023-02-24 - COL 5, WPG 1",WPG,1.0,56.2,61.6,43.1,45.8,2.4,2.1,13.2,13.2,1.6,1.0,9.3,7.7,20.9,26.2,0.2,0.3,11.2,13.4,18.4,16.9,0.6,0.8,10.6,8.6,0.9954,32.3,31.6,30.1,31.1,3.3269999999999995,3.69
"2023-02-26 - NYI 4, WPG 0",WPG,1.0,55.3,61.0,42.1,45.4,2.7,2.1,12.3,14.1,1.6,1.0,8.8,7.7,20.2,26.0,0.2,0.3,10.8,13.7,18.4,15.4,0.9,0.8,10.7,7.8,0.987,31.8,30.7,29.5,30.5,3.253,3.656
"2023-02-28 - LA 6, WPG 5",WPG,1.0,54.1,62.5,41.2,46.0,2.8,1.9,12.0,14.4,1.7,1.0,8.6,7.7,20.5,27.2,0.4,0.2,10.6,14.0,17.2,15.0,0.6,0.7,10.0,7.5,0.9691,30.6,29.2,29.4,30.7,3.185,3.637
"2023-03-03 - WPG 3, EDM 6",WPG,2.0,54.9,61.5,41.5,44.4,2.9,2.4,11.6,13.9,1.7,1.2,8.6,7.6,20.7,26.4,0.5,0.4,10.9,12.9,17.9,15.7,0.6,0.8,9.9,8.1,0.9838,31.0,29.5,29.6,29.8,3.166,3.583
"2023-03-04 - EDM 5, WPG 7",WPG,0.0,56.6,58.7,43.2,42.6,3.3,2.3,12.8,13.5,1.9,1.2,9.1,7.5,20.6,25.0,0.6,0.3,10.9,11.9,18.6,15.1,0.7,0.8,10.0,7.9,0.9737,31.7,31.4,28.6,28.7,3.427,3.414
"2023-03-06 - SJ 3, WPG 2",WPG,1.0,56.0,59.6,42.8,43.8,3.7,2.6,13.4,13.3,2.2,1.3,10.0,7.6,20.9,26.1,0.6,0.6,10.9,12.5,17.6,15.0,0.8,0.6,9.4,8.1,0.9662,32.0,31.0,28.3,29.8,3.381,3.2019999999999995
"2023-03-08 - MIN 4, WPG 2",WPG,1.0,56.3,60.0,42.9,43.6,3.8,2.6,13.8,13.3,2.3,1.2,10.0,8.0,20.8,25.6,0.5,0.6,10.9,11.9,17.1,16.0,0.9,0.7,8.9,8.4,0.9609,31.5,30.9,29.3,29.6,3.389,3.273
"2023-03-11 - WPG 5, FLA 4",WPG,2.0,55.5,60.5,42.7,43.5,3.9,2.7,13.7,14.5,2.4,1.3,9.9,9.4,20.2,25.3,0.5,0.6,10.7,12.2,16.9,15.3,0.9,0.7,8.9,7.6,0.9576,31.4,30.6,29.8,30.6,3.317,3.26
"2023-03-12 - WPG 3, TB 2",WPG,0.0,58.6,59.5,45.1,43.0,3.9,3.0,15.1,14.6,2.4,1.5,11.0,10.1,22.0,24.5,0.5,0.6,11.5,11.7,16.8,15.5,0.9,0.8,8.9,7.5,0.9736,33.3,31.9,30.1,30.8,3.529,3.212
"2023-03-14 - WPG 3, CAR 5",WPG,1.0,57.5,59.9,43.9,43.5,4.0,2.9,14.2,14.6,2.5,1.4,10.6,10.1,22.2,25.1,0.5,0.7,11.5,12.0,16.3,15.2,0.9,0.7,7.6,7.3,0.9644,31.7,30.5,29.8,30.9,3.364,3.2309999999999994
"2023-03-16 - BOS 3, WPG 0",WPG,1.0,58.8,58.0,44.9,42.3,4.3,3.1,14.7,14.2,2.6,1.5,10.6,10.2,23.4,24.4,0.6,0.7,11.7,12.0,15.7,14.0,0.9,0.8,7.5,7.0,0.9621,32.0,30.4,28.2,30.7,3.4450000000000003,3.083
"2023-03-18 - WPG 3, NSH 2",WPG,1.0,58.6,59.3,44.3,42.8,4.1,3.0,14.7,13.7,2.5,1.4,10.2,10.4,23.6,25.0,0.7,0.7,11.3,12.0,15.5,14.9,0.7,0.8,7.3,7.4,0.9598,30.8,30.2,28.6,31.6,3.495,3.087
"2023-03-19 - WPG 0, STL 3",WPG,0.0,58.5,59.3,43.7,43.4,3.9,3.3,14.1,13.4,2.6,1.6,9.7,10.6,23.3,25.5,0.5,0.7,11.0,12.5,16.3,15.2,0.7,0.9,7.9,7.9,0.9753,30.4,30.4,28.6,32.7,3.309,3.171
"2023-03-21 - ARI 1, WPG 2",WPG,1.0,54.9,59.3,41.3,44.1,3.7,2.8,13.6,13.4,2.6,1.4,9.1,10.2,21.7,25.5,0.4,0.5,9.9,13.2,15.2,15.2,0.6,0.8,7.8,7.9,0.9551,28.4,28.8,28.6,33.0,3.147,3.116
"2023-03-23 - WPG 3, ANA 2",WPG,1.0,53.6,60.5,40.0,44.8,3.2,2.7,12.6,14.7,2.3,1.5,8.4,10.8,22.1,24.9,0.3,0.5,10.5,12.5,14.5,15.5,0.5,0.6,7.8,7.7,0.9672999999999998,28.1,27.1,30.2,32.7,2.94,3.172
"2023-03-25 - WPG 1, LA 4",WPG,1.0,52.0,60.5,39.3,44.8,2.9,2.3,11.8,14.9,1.9,1.5,7.1,11.2,21.4,24.7,0.5,0.2,10.2,11.8,14.3,15.6,0.4,0.6,7.6,7.4,0.9627,26.6,26.1,30.5,32.1,2.8120000000000003,3.2629999999999995
"2023-03-28 - WPG 0, SJ 3",WPG,2.0,50.4,59.6,38.3,43.9,3.0,2.2,11.2,13.9,1.9,1.4,7.1,10.2,21.0,25.6,0.6,0.2,10.3,11.8,14.0,15.1,0.3,0.6,7.8,7.1,0.96,27.1,25.2,29.0,30.9,2.6900000000000004,3.046
"2023-03-31 - DET 2, WPG 6",WPG,2.0,52.1,59.0,39.0,44.2,2.9,2.0,11.6,13.3,1.9,1.3,7.4,9.4,21.9,25.1,0.6,0.2,10.8,11.6,13.9,16.3,0.2,0.5,7.7,7.7,0.9632,27.8,25.5,29.6,30.2,2.685,3.067
"2023-04-02 - NJ 1, WPG 6",WPG,1.0,49.4,60.7,36.8,45.0,2.7,2.1,10.0,13.8,1.7,1.4,6.3,9.6,20.4,26.5,0.6,0.2,9.8,12.2,13.8,16.4,0.2,0.5,7.2,7.2,0.9657,25.5,23.8,30.2,30.4,2.403,3.166
"2023-04-05 - CGY 3, WPG 1",WPG,2.0,49.9,61.0,36.4,45.4,2.6,2.4,11.1,13.8,1.6,1.7,6.7,9.7,20.3,26.1,0.6,0.2,9.3,12.2,13.4,17.0,0.2,0.5,7.0,7.4,0.9769,25.2,24.5,30.8,30.9,2.45,3.1870000000000003
"2023-04-08 - NSH 0, WPG 2",WPG,2.0,49.8,63.5,37.0,47.6,2.4,2.2,10.8,14.0,1.4,1.6,6.6,9.8,20.4,27.6,0.5,0.2,10.1,12.8,13.2,17.8,0.4,0.4,7.2,7.7,0.9787,26.2,24.0,31.8,32.0,2.444,3.38
"2023-04-10 - SJ 2, WPG 6",WPG,1.0,48.6,65.2,36.6,48.8,2.1,2.4,10.4,14.4,1.3,1.6,6.5,9.8,19.9,27.9,0.4,0.2,10.5,13.0,12.9,18.7,0.3,0.6,7.1,7.8,0.9965,26.6,23.3,33.1,32.2,2.3080000000000003,3.4840000000000004
"2023-04-11 - WPG 3, MIN 1",WPG,0.0,49.2,65.1,37.4,49.3,2.1,2.7,10.9,14.9,1.2,1.5,6.8,9.7,19.8,27.1,0.4,0.3,10.4,12.7,13.4,19.1,0.4,0.9,7.0,8.2,1.0064,26.7,24.3,34.0,32.1,2.491,3.619
"2023-04-13 - WPG 2, COL 4",WPG,1.0,52.8,62.6,39.7,47.0,1.9,3.0,11.7,14.3,1.1,1.8,7.4,9.7,22.1,26.0,0.4,0.3,11.8,11.7,13.8,18.2,0.3,0.9,6.8,7.7,1.0360999999999998,28.4,25.5,32.5,30.7,2.712,3.5490000000000004
